ei	gene_symbol	chromosome	variant_name	disease_cui	year_initial	year_final	num_pmids_evid	sift_score	num_pmid_assoc	alleleFreqExome	score	coord	gene_ncbi	num_diseases	polyphen_score	number_chem_evidence	alleleFreqGenome	disease_name	dsi	dpi	class	v_msc	alleles
1.0	LOC124900602	4	rs356182	C0030567	2014	2024	0		10		1.0	89704960	124900602	2		0	0.6481, -1.0	Parkinson Disease	0.89	0.78		intron_variant	G/A,C
1.0	TMEM175	4	rs34311866	C0030567	2014	2024	0	0.09	8	0.185059	1.0	958159	84286	6	0.0	0	0.141481	Parkinson Disease	0.84	0.56		missense_variant	T/C
0.94	LOC124900602	4	rs356220	C0030567	2010	2021	1		7		1.0	89720189	124900602	2		1	-1.0, 0.541597, -1.0	Parkinson Disease	0.86	0.65		intron_variant	T/A,C,G
0.97	LOC124900602	4	rs356219	C0030567	2011	2023	0		4		1.0	89716450	124900602	1		0	0.544103	Parkinson Disease	0.75	0.43		intron_variant	G/A
1.0	LOC124900856,SNCA	4	rs356203	C0030567	2019	2019	0		3		1.0	89744890	124900856;6622	1		0	-1.0, -1.0, 0.53869	Parkinson Disease	1.0	1.0		intron_variant	C/A,G,T
1.0	MAPT	17	rs17649553	C0030567	2014	2017	0		2		1.0	45917282	4137	1		0	-1.0, 0.143657	Parkinson Disease	0.84	0.56		intron_variant	C/G,T
1.0	MCCC1	3	rs12637471	C0030567	2014	2017	0		2		1.0	183044649	56922	1		0	0.246983, 1.31633E-5	Parkinson Disease	0.86	0.78		intron_variant	G/A,C
0.88	GBA1	1	rs2230288	C0030567	2016	2024	0	0.87	2	0.012541	1.0	155236376	2629	14	0.019	0	0.0101149	Parkinson Disease	0.7	0.38		missense_variant	C/T
0.8	RAB25	1	rs34372695	C0030567	2011	2021	0		2		1.0	156060246	57111	1		0	1.3166E-5, 0.015023	Parkinson Disease	1.0	1.0		upstream_gene_variant	C/G,T
1.0	LINC02210-CRHR1,LINC02210	17	rs2942168	C0030567	2011	2011	0		1	0.144499, -1.0, -1.0	1.0	45637484	104909134;147081	1		0	0.144211, -1.0, -1.0	Parkinson Disease	0.84	0.65		non_coding_transcript_exon_variant	G/A,C,T
1.0	LOC124900602	4	rs11931074	C0030567	2009	2009	0		1		1.0	89718364	124900602	1		0	6.57557E-6, 1.31511E-5, 0.240711	Parkinson Disease	0.79	0.65		intron_variant	G/A,C,T
1.0	LOC124900602	4	rs8180209	C0030567	2017	2017	0		1		1.0	89723303	124900602	1		0	0.238191, -1.0	Parkinson Disease	1.0	1.0		intron_variant	A/G,T
0.94	GBA1	1	rs76763715	C0030567	1993	2023	0	0.02	17	0.00201181, -1.0	0.9	155235843	2629	15	0.242	0	0.00185468, -1.0	Parkinson Disease	0.66	0.3		missense_variant	T/C,G
0.85	LOC105369736,LRRK2	12	rs34778348	C0030567	1993	2023	7	0.03	11	7.82298E-4	0.9	40363526	105369736;120892	2	0.03	6	8.35724E-4	Parkinson Disease	0.68	0.34		missense_variant	G/A
0.91	LRRK2	12	rs34637584	C0030567	1993	2024	21	0.0	11	4.1666E-4	0.9	40340400	120892	4	1.0	20	3.61409E-4	Parkinson Disease	0.55	0.1		missense_variant	G/A
1.0	MCCC1	3	rs10513789	C0030567	2011	2024	0		4		0.9	183042285	56922	2		0	6.56814E-6, 0.225277	Parkinson Disease	0.93	0.78		intron_variant	T/C,G
1.0	LINC02210-CRHR1,LINC02210	17	rs393152	C0030567	2009	2009	0		1	0.179218	0.9	45641777	104909134;147081	2		0	0.281223	Parkinson Disease	0.82	0.56		non_coding_transcript_exon_variant	A/G
0.67	LRRC37A2,WNT3	17	rs415430	C0030567	2011	2011	0		1		0.9	46781778	474170;7473	1		0	-1.0, 0.841133	Parkinson Disease	0.89	0.78		intron_variant	C/G,T
1.0	SNCA	4	rs6826785	C0030567	2020	2020	0		1		0.9	89761323	6622	1		0	0.216999	Parkinson Disease	0.93	0.78		intron_variant	T/C
0.67		6	rs17425622	C0030567	2016	2016	0		1		0.9	32604184		3		0	0.133744	Parkinson Disease	0.5	0.08		upstream_gene_variant	T/C
1.0		1	rs35749011	C0030567	2014	2021	0		4		0.8	155162560		2		0	0.0105456	Parkinson Disease	0.84	0.56		intergenic_variant	G/A
1.0	LINC02210-CRHR1,LOC105371802	17	rs62053943	C0030567	2019	2024	0		3		0.8	45666837	104909134;105371802	1		0	0.0988177	Parkinson Disease	0.93	0.78		intron_variant	C/T
1.0	NSF,LRRC37A2	17	rs199533	C0030567	2009	2010	0	0.0	2	0.182868	0.8	46751565	4905;474170	4	0.0	0	0.13357	Parkinson Disease	0.82	0.43		synonymous_variant	G/A
1.0		1	rs35643925	C0030567	2019	2021	0		2		0.8	156185069		1		0	0.0154598	Parkinson Disease	0.89	0.78		downstream_gene_variant	G/A
1.0	SNCA-AS1,SNCA	4	rs1372518	C0030567	2023	2024	0		2	0.769131, -1.0, -1.0	0.8	89836143	644248;6622	2		0	0.773033, -1.0, -1.0	Parkinson Disease	0.93	0.78		5_prime_UTR_variant	A/C,G,T
1.0	MAPT	17	rs8070723	C0030567	2011	2011	0		1		0.8	46003698	4137	3		0	0.179046	Parkinson Disease	0.8	0.38		intron_variant	A/G
1.0	KANSL1	17	rs17577094	C0030567	2014	2014	0		1		0.8	46110126	284058	1		0	0.142455	Parkinson Disease	0.86	0.65		intron_variant	A/G
1.0	KANSL1	17	rs4630591	C0030567	2024	2024	0		1		0.8	46115202	284058	1		0	6.58267E-6, 0.133145	Parkinson Disease	0.84	0.65		intron_variant	C/G,T
1.0	SNCA-AS1	4	rs983361	C0030567	2021	2021	0		1		0.8	89840793	644248	1		0	-1.0, -1.0, 0.758293	Parkinson Disease	1.0	1.0		non_coding_transcript_exon_variant	T/A,C,G
1.0	ASH1L	1	rs145330152	C0030567	2021	2021	0		1		0.8	155401328	55870	1		0	0.0102409	Parkinson Disease	0.84	0.56		intron_variant	A/C
1.0	CCT3	1	rs35161831	C0030567	2024	2024	0		1		0.8	156330940	7203	1		0	0.00810925	Parkinson Disease	0.93	0.78		intron_variant	T/C
1.0	LOC124900602	4	rs356183	C0030567	2024	2024	0		1		0.8	89704947	124900602	3		0	-1.0, 0.488127, -1.0	Parkinson Disease	0.93	0.78		intron_variant	G/A,C,T
1.0		3	rs9858038	C0030567	2016	2016	0		1		0.8	183012503		1		0	0.221272	Parkinson Disease	1.0	1.0		non_coding_transcript_exon_variant	G/A
1.0	MCCC1	3	rs2292056	C0030567	2020	2020	0		1	3.0295E-5, 0.233996	0.8	183017423	56922	1		0	1.3143E-5, 0.221206	Parkinson Disease	1.0	1.0		non_coding_transcript_exon_variant	T/A,G
1.0	PLEKHM1	17	rs11012	C0030567	2010	2010	0		1	0.135548	0.8	45436075	9842	2		0	0.130064	Parkinson Disease	0.84	0.43		3_prime_UTR_variant	C/T
1.0	SLC50A1	1	rs12726330	C0030567	2012	2012	0		1	0.0139885, 1.07301E-5	0.8	155135691	55974	2		0	0.0111581, -1.0	Parkinson Disease	0.86	0.56		splice_region_variant	G/A,C
1.0	ASH1L	1	rs12734374	C0030567	2024	2024	0		1		0.8	155419060	55870	2		0	0.0328695	Parkinson Disease	0.82	0.56		intron_variant	A/T
1.0	SNCA-AS1,SNCA	4	rs1372519	C0030567	2024	2024	0		1	-1.0, 0.756975, -1.0	0.8	89836158	644248;6622	1		0	-1.0, 0.772009, -1.0	Parkinson Disease	1.0	1.0		5_prime_UTR_variant	A/C,G,T
1.0	LINC02210-CRHR1,LOC105371802	17	rs1724407	C0030567	2024	2024	0		1		0.8	45670249	104909134;105371802	1		0	-1.0, 0.70347	Parkinson Disease	0.89	0.78		intron_variant	C/G,T
1.0		1	rs35682329	C0030567	2024	2024	0		1	0.0126115	0.8	155148667		1		0	0.0110994	Parkinson Disease	0.86	0.56		non_coding_transcript_exon_variant	A/G
1.0	KANSL1	17	rs113434679	C0030567	2019	2019	0		1	0.116667, -1.0	0.8	46049399	284058	2		0	0.120903, 5.92394E-5	Parkinson Disease	0.84	0.56		non_coding_transcript_exon_variant	C/A,T
1.0	MAPT-AS1,SPPL2C	17	rs12185268	C0030567	2011	2011	0	1.0	1	0.193424, -1.0	0.8	45846317	100128977;162540	2	0.294	0	0.143533, -1.0	Parkinson Disease	0.82	0.56		missense_variant	A/G,T
1.0	LRRC37A2,WNT3	17	rs199515	C0030567	2012	2012	0		1		0.8	46779275	474170;7473	4		0	-1.0, 0.840522	Parkinson Disease	0.86	0.65		intron_variant	G/A,C
1.0		6	rs2647062	C0030567	2021	2021	0		1		0.8	32602640		2		0	0.134387, -1.0	Parkinson Disease	0.5	0.08		upstream_gene_variant	A/C,T
1.0		6	rs2760980	C0030567	2024	2024	0		1		0.8	32597424		2		0	0.134525	Parkinson Disease	0.5	0.08		intergenic_variant	G/A
1.0	LINC02210-CRHR1,LINC02210	17	rs365825	C0030567	2016	2016	0		1		0.8	45628235	104909134;147081	1		0	0.28093	Parkinson Disease	0.86	0.65		intron_variant	A/G
0.79	RIT2	18	rs12456492	C0030567	2012	2023	0		6		0.7	43093415	6014	1		0	0.327673, -1.0	Parkinson Disease	0.74	0.49		intron_variant	A/G,T
0.76	HLA-DRA	6	rs3129882	C0030567	2010	2014	0		2		0.7	32441753	3122	16		0	0.552778, -1.0	Parkinson Disease	0.55	0.1		intron_variant	G/A,C
0.7	LRRK2	12	rs34594498	C0030567	2023	2023	0	0.17	1	4.3411E-4	0.7	40252984	120892	1	0.624	0	3.94223E-4	Parkinson Disease	0.89	1.0		missense_variant	C/T
0.8	NUCKS1	1	rs823128	C0030567	2009	2009	0		1		0.7	205744250	64710	1		0	0.880028, -1.0, -1.0	Parkinson Disease	0.93	1.0		intron_variant	G/A,C,T
0.9	GBA1	1	rs421016	C0030567	2023	2023	2	0.02	1		0.7	155235252	2629	15	0.986	3		Parkinson Disease	0.63	0.14		missense_variant	A/C,G
0.93	GCH1	14	rs11158026	C0030567	2014	2024	0		8		0.6	54882151	2643	1		0	-1.0, 1.97366E-5, 0.448578	Parkinson Disease	0.93	1.0		intron_variant	C/A,G,T
1.0		1	rs823118	C0030567	2014	2023	0		5		0.6	205754444		4		0	-1.0, 0.456861	Parkinson Disease	0.86	0.56		upstream_gene_variant	C/A,T
0.58	FAM47E-STBD1,FAM47E	4	rs6812193	C0030567	2009	2017	0		5		0.6	76277833	100631383;100129583	1		0	0.373321	Parkinson Disease	0.82	0.56		intron_variant	C/T
0.91	BST1	4	rs4698412	C0030567	2012	2024	0		4		0.6	15735725	683	1		0	0.434326, -1.0	Parkinson Disease	0.93	1.0		intron_variant	G/A,T
0.86		2	rs6430538	C0030567	2012	2021	0		4		0.6	134782397		1		0	-1.0, -1.0, 0.621072	Parkinson Disease	0.86	0.49		intron_variant	C/A,G,T
0.83	SIPA1L2	1	rs10797576	C0030567	2014	2021	0		4		0.6	232528865	57568	1		0	0.121782	Parkinson Disease	0.93	1.0		intron_variant	C/T
1.0	ITPKB	1	rs4653767	C0030567	2017	2024	0		4		0.6	226728377	3707	1		0	0.272733	Parkinson Disease	1.0	1.0		intron_variant	T/C
1.0		12	rs76904798	C0030567	2014	2019	0		3		0.6	40220632		1		0		Parkinson Disease	0.89	0.78		intron_variant	C/T
1.0	HIP1R	12	rs10847864	C0030567	2019	2024	0		3		0.6	122842051	9026	1		0	-1.0, 6.57903E-6, 0.285812	Parkinson Disease	1.0	1.0		intron_variant	G/A,C,T
1.0	APOE	19	rs429358	C0030567	2019	2023	0	1.0	3	0.147571	0.6	44908684	348	95	0.0	0	0.157359	Parkinson Disease	0.47	0.06		missense_variant	T/C
0.64	BST1	4	rs11724635	C0030567	2011	2017	1		3		0.6	15735478	683	1		1	0.434542, -1.0, 6.5773E-6	Parkinson Disease	0.89	0.78		intron_variant	C/A,G,T
1.0		6	rs9468199	C0030567	2017	2024	0		2		0.6	27713436		2		0	0.261896	Parkinson Disease	0.86	0.56		non_coding_transcript_exon_variant	G/A
1.0		12	rs11610045	C0030567	2019	2024	0		2		0.6	132487182		2		0	0.394239	Parkinson Disease	0.89	0.49		upstream_gene_variant	G/A
0.75	DGKQ	4	rs11248060	C0030567	2012	2012	0		2		0.6	970571	1609	1		0	6.57376E-6, 0.0951145	Parkinson Disease	1.0	1.0		intron_variant	C/A,T
1.0	LRRK2	12	rs1491942	C0030567	2011	2012	0		2		0.6	40227006	120892	1		0	0.228321	Parkinson Disease	1.0	1.0		intron_variant	C/G
0.86	LOC107984782	15	rs2414739	C0030567	2014	2017	0		2		0.6	61701935	107984782	1		0	0.673798	Parkinson Disease	0.93	1.0		intron_variant	G/A
1.0	GPR65	14	rs8005172	C0030567	2017	2021	0		2		0.6	88006268	8477	1		0	0.413482	Parkinson Disease	1.0	1.0		intron_variant	C/T
0.75	BCKDK	16	rs14235	C0030567	2014	2017	0	0.0	2	0.368884	0.6	31110472	10295	1	0.0	0	0.316766	Parkinson Disease	0.86	0.65		synonymous_variant	G/A
0.83	GPNMB	7	rs199347	C0030567	2014	2017	1		2	0.413859	0.6	23254127	10457	1		1	0.531779	Parkinson Disease	0.89	0.78		intron_variant	A/G
1.0	BIN3	8	rs2280104	C0030567	2017	2019	0		2		0.6	22668467	55909	1		0	-1.0, 0.726506, -1.0	Parkinson Disease	0.93	0.78		intron_variant	T/A,C,G
0.83		11	rs329648	C0030567	2014	2017	0		2		0.6	133895472		1		0	-1.0, 0.555732	Parkinson Disease	0.93	1.0		downstream_gene_variant	T/A,C
0.83	LOC105379297	8	rs591323	C0030567	2014	2017	0		2		0.6	16839582	105379297	1		0	0.295831, 1.44865E-4	Parkinson Disease	0.93	0.78		intron_variant	G/A,C
1.0	SNCA	4	rs2736990	C0030567	2009	2010	0		2		0.6	89757390	6622	1		0	0.447076, 1.97405E-5	Parkinson Disease	0.82	0.56		intron_variant	G/A,T
0.78	SLC41A1	1	rs823156	C0030567	2011	2011	0		1	0.804946, -1.0, -1.0	0.6	205795512	254428	1		0	0.704178, -1.0, -1.0	Parkinson Disease	0.89	0.78		non_coding_transcript_exon_variant	G/A,C,T
0.83	MAP4K4	2	rs34043159	C0030567	2017	2017	0		1		0.6	101796654	9448	1		0	-1.0, 0.282105, -1.0	Parkinson Disease	0.93	0.78		intron_variant	T/A,C,G
1.0	TCEANC2	1	rs10788972	C0030567	2015	2015	0		1		0.6	54106570	127428	1		0	0.561594	Parkinson Disease	1.0	1.0		intron_variant	C/A
0.5	SREBF1,RAI1	17	rs11868035	C0030567	2011	2011	0		1	0.41891	0.6	17811787	6720;10743	1		0	0.338386	Parkinson Disease	0.74	0.3		splice_region_variant	G/A
1.0		6	rs2395163	C0030567	2012	2012	0		1		0.6	32420032		1		0	0.173202	Parkinson Disease	0.54	0.08		intron_variant	T/C
1.0	DNASE1L1	X	rs28602900	C0030567	2021	2021	0		1	-1.0, 0.143204, -1.0	0.6	154405192	1774	1		0		Parkinson Disease	1.0	1.0		intron_variant	A/C,G,T
1.0	GBA1	1	rs3115534	C0030567	2023	2023	0		1		0.6	155235878	2629	1		0	-1.0, 0.953126	Parkinson Disease	0.84	0.49		intron_variant	G/C,T
0.6	SCARB2	4	rs6825004	C0030567	2019	2019	0		1		0.6	76189212	950	1		0	7.88903E-4, 0.294367, 1.31586E-5	Parkinson Disease	0.93	0.78		intron_variant	C/A,G,T
0.8	GAK	4	rs1564282	C0030567	2009	2009	0		1		0.6	858525	2580	1		0	0.0830805	Parkinson Disease	1.0	1.0		intron_variant	C/T
0.67	LOC107985959	2	rs2102808	C0030567	2011	2011	0		1		0.6	168260515	107985959	1		0	0.15599	Parkinson Disease	0.93	1.0		intron_variant	G/T
0.8		1	rs947211	C0030567	2009	2009	0		1		0.6	205783537		1		0	0.639579	Parkinson Disease	0.93	1.0		non_coding_transcript_exon_variant	A/G
1.0	GAK	4	rs11248051	C0030567	2010	2010	0		1		0.6	864544	2580	2		0	6.57212E-6, 0.0849447	Parkinson Disease	1.0	1.0		intron_variant	C/G,T
0.86	CCDC62	12	rs12817488	C0030567	2011	2011	0		1		0.6	122811747	84660	1		0	0.398123, -1.0	Parkinson Disease	0.93	1.0		intron_variant	G/A,T
0.67	SLC2A13	12	rs1994090	C0030567	2009	2009	0		1		0.6	40034759	114134	1		0	-1.0, -1.0, 0.836909	Parkinson Disease	0.93	1.0		intron_variant	G/A,C,T
1.0	SLC39A8	4	rs13107325	C0030567	2021	2021	0	0.86	1	1.36838E-6, 0.0636356	0.6	102267552	64116	72	0.309	0	-1.0, 0.0447012	Parkinson Disease	0.58	0.12		missense_variant	C/A,T
1.0	LOC105372797,DYRK1A	21	rs2248244	C0030567	2019	2024	0		3		0.5	37480059	105372797;1859	1		0	0.282473	Parkinson Disease	1.0	1.0		intron_variant	G/A
1.0	DLG2	11	rs3793947	C0030567	2014	2021	0		3		0.5	83833429	1740	1		0	0.425812, -1.0	Parkinson Disease	0.93	1.0		intron_variant	G/A,C
1.0	LOC107984782	15	rs2251086	C0030567	2019	2024	0		3		0.5	61705186	107984782	1		0	0.785522, -1.0	Parkinson Disease	1.0	1.0		intron_variant	T/C,G
1.0	INPP5F	10	rs117896735	C0030567	2014	2019	0		3		0.5	119776815	22876	3		0	0.00926657	Parkinson Disease	0.86	0.78		intron_variant	G/A
1.0	RAB29	1	rs11557080	C0030567	2019	2023	0		2		0.5	205768611	8934	1		0	0.129861	Parkinson Disease	1.0	1.0		3_prime_UTR_variant	G/A
1.0		6	rs9275326	C0030567	2014	2017	0		2		0.5	32698883		1		0	0.0918518	Parkinson Disease	0.52	0.12		intergenic_variant	C/T
1.0	GPHN,TMEM229B	14	rs1555399	C0030567	2014	2017	0		2		0.5	67517653	10243;161145	1		0	0.416599	Parkinson Disease	0.93	1.0		intron_variant	T/A
1.0	SYT17,LOC105371114	16	rs11343	C0030567	2016	2017	0		2	-1.0, 0.666667	0.5	19268142	51760;105371114	1		0	-1.0, 0.670862	Parkinson Disease	1.0	1.0		3_prime_UTR_variant	T/C,G
1.0	GPNMB	7	rs199351	C0030567	2019	2024	0		2	0.415771, -1.0	0.5	23260430	10457	1		0	0.534247, -1.0	Parkinson Disease	1.0	1.0		intron_variant	A/C,T
1.0		6	rs997368	C0030567	2019	2023	0		2		0.5	111922088		1		0	6.57843E-6, 0.345802	Parkinson Disease	1.0	1.0		intron_variant	A/C,G
1.0	TMPRSS9	19	rs62120679	C0030567	2014	2017	0		2		0.5	2363321	360200	1		0	6.58293E-6, 0.34414	Parkinson Disease	0.93	1.0		intron_variant	C/G,T
1.0	LINC00693	3	rs6808178	C0030567	2019	2024	0		2		0.5	28664199	645206	1		0	-1.0, 0.714181, -1.0	Parkinson Disease	1.0	1.0		intron_variant	T/A,C,G
1.0	SCN2A	2	rs353116	C0030567	2017	2017	0		1		0.5	165277122	6326	1		0	-1.0, 0.397785	Parkinson Disease	1.0	1.0		intron_variant	C/A,T
0.5	BST1	4	rs4538475	C0030567	2009	2009	0		1		0.5	15736314	683	1		0	0.237345, -1.0	Parkinson Disease	1.0	1.0		intron_variant	A/G,T
1.0	NSF,LRRC37A2	17	rs183211	C0030567	2011	2011	0		1	0.251019, -1.0, -1.0	0.5	46710944	4905;474170	3		0	0.301792, -1.0, -1.0	Parkinson Disease	0.84	0.49		splice_acceptor_variant	G/A,C,T
1.0	HEATR6	17	rs61204179	C0030567	2023	2023	0		1		0.5	60061921	63897	1		0	0.00148436	Parkinson Disease	1.0	1.0		intron_variant	C/T
1.0		4	rs6532197	C0030567	2009	2009	0		1		0.5	89876150		1		0	0.157303	Parkinson Disease	0.8	0.27		intron_variant	A/G
0.5	TMEM175	4	rs6599388	C0030567	2011	2011	0		1		0.5	945299	84286	2		0	0.280263	Parkinson Disease	0.93	0.78		intron_variant	C/T
1.0		2	rs76116224	C0030567	2019	2019	0		1		0.5	17966582		1		0	0.0662291	Parkinson Disease	1.0	1.0		intron_variant	A/T
1.0	GBF1	10	rs10748818	C0030567	2019	2019	0		1		0.5	102255522	8729	1		0	0.154301, -1.0	Parkinson Disease	1.0	1.0		intron_variant	A/G,T
1.0	BALR6	3	rs4073221	C0030567	2017	2017	0		1		0.5	18235996	339862	1		0	1.31456E-5, 0.0966827	Parkinson Disease	1.0	1.0		intron_variant	T/C,G
1.0	LOC100287944	12	rs4964469	C0030567	2011	2011	0		1		0.5	106556209	100287944	1		0	0.451218, -1.0	Parkinson Disease	1.0	1.0		intron_variant	G/A,C
1.0	LOC124900602	4	rs5019538	C0030567	2019	2019	0		1		0.5	89715479	124900602	1		0	0.749605	Parkinson Disease	0.93	1.0		intron_variant	G/A
1.0		4	rs6532194	C0030567	2012	2012	0		1		0.5	89859751		1		0	-1.0, -1.0, 0.233895	Parkinson Disease	1.0	1.0		intron_variant	C/A,G,T
1.0	DLG2	11	rs7479949	C0030567	2017	2017	0		1		0.5	83792361	1740	1		0	-1.0, 0.419956, -1.0	Parkinson Disease	1.0	1.0		intron_variant	T/A,C,G
1.0	GAK	4	rs75072999	C0030567	2024	2024	0	0.0	1	0.0817663	0.5	850993	2580	1	0.0	0	0.058599	Parkinson Disease	0.93	0.78		missense_variant	G/A
1.0	RNF141	11	rs7938782	C0030567	2019	2019	0		1		0.5	10537230	50862	1		0	0.188234, -1.0	Parkinson Disease	1.0	1.0		intron_variant	A/G,T
1.0	SH3GL2	9	rs10756907	C0030567	2019	2019	0		1		0.5	17727067	6456	1		0	0.186649	Parkinson Disease	1.0	1.0		intron_variant	A/G
1.0	MCCC1	3	rs2270968	C0030567	2017	2017	0	0.12	1	-1.0, 0.696637	0.5	183037421	56922	1	0.163	0	6.57999E-6, 0.571631	Parkinson Disease	1.0	1.0		missense_variant	T/A,G
0.5	LOC105369302	21	rs2823357	C0030567	2011	2011	0		1		0.5	15542586	105369302	1		0	0.474384	Parkinson Disease	0.89	0.65		intron_variant	G/A
1.0	TMEM175	4	rs34884217	C0030567	2021	2021	0	0.03	1	0.0943303	0.5	950422	84286	2	0.005	0	0.0678598	Parkinson Disease	0.89	0.65		splice_acceptor_variant	A/C
1.0	CASC16	16	rs4784227	C0030567	2017	2017	0		1		0.5	52565276	643714	7		0	-1.0, 0.200046	Parkinson Disease	0.73	0.56		intron_variant	C/A,T
1.0		1	rs6679073	C0030567	2020	2020	0		1		0.5	205787356		1		0	0.219512	Parkinson Disease	0.93	0.78		downstream_gene_variant	C/A
1.0	MCCC1	3	rs11711441	C0030567	2011	2011	0		1		0.5	183103487	56922	1		0	0.120173	Parkinson Disease	0.93	1.0		intron_variant	G/A
1.0		1	rs2338971	C0030567	2014	2014	0		1		0.5	101414449		1		0	-1.0, 0.785965, -1.0	Parkinson Disease	1.0	1.0		upstream_gene_variant	T/A,C,G
1.0		14	rs8017172	C0030567	2017	2017	0		1		0.5	55732330		1		0	0.546254, -1.0, -1.0	Parkinson Disease	1.0	1.0		intergenic_variant	G/A,C,T
1.0		14	rs979812	C0030567	2019	2019	0		1		0.5	87997920		1		0	0.413424	Parkinson Disease	1.0	1.0		upstream_gene_variant	G/T
1.0	MBNL2	13	rs4771268	C0030567	2019	2019	0		1		0.5	97212767	10150	1		0	-1.0, 0.791328	Parkinson Disease	1.0	1.0		downstream_gene_variant	T/A,C
0.5	RAB29	1	rs708723	C0030567	2023	2023	0		1	0.537419	0.5	205770138	8934	3		0	0.460581	Parkinson Disease	0.89	0.49		3_prime_UTR_variant	C/T
1.0	LRRK2	12	rs1944946235	C0030567	1993	2020	0	0.01	7		0.4	40309226	120892	1	0.986	0		Parkinson Disease	1.0	1.0		missense_variant	A/G
1.0	SH3GL2	9	rs13294100	C0030567	2017	2024	0		4		0.4	17579692	6456	1		0	-1.0, 0.510851	Parkinson Disease	0.93	0.78		intron_variant	T/A,G
1.0	TNR	1	rs61731112	C0030567	1993	2016	0	0.0	3	0.00545293	0.4	175403578	7143	1	0.656	0	0.00341517	Parkinson Disease	1.0	1.0		missense_variant	T/G
1.0	CCDC62	12	rs11060180	C0030567	2014	2017	0		3		0.4	122819039	84660	1		0	0.339481	Parkinson Disease	0.93	1.0		intron_variant	A/G
1.0	TNK2	3	rs201407161	C0030567	1993	2016	0	0.01	3	2.07008E-6, 0.00179545	0.4	195868341	10188	1	0.999	0	2.63477E-5, 0.00123738	Parkinson Disease	1.0	1.0		missense_variant	C/A,T
1.0	TNK2	3	rs571171423	C0030567	1993	2016	0	0.02	3	2.80689E-5, 2.73842E-6	0.4	195867221	10188	1	0.97	0	4.59535E-5, -1.0	Parkinson Disease	1.0	1.0		missense_variant	G/A,T
1.0	RIT2	18	rs4130047	C0030567	2011	2020	0		3		0.4	43098270	6014	1		0	6.59335E-6, 0.322142	Parkinson Disease	0.89	0.78		intron_variant	T/A,C
1.0	VPS13C	15	rs869312809	C0030567	1993	2016	0		3		0.4	61915631	54832	2		0		Parkinson Disease	0.93	1.0		splice_donor_variant	A/C
1.0	TNR	1	rs140481433	C0030567	1993	2016	0	0.0	3	7.98547E-4	0.4	175386035	7143	1	0.991	0	2.69616E-4	Parkinson Disease	1.0	1.0		missense_variant	T/C
1.0	ELOVL7	5	rs1867598	C0030567	2019	2024	0		3		0.4	60842132	79993	2		0	-1.0, 0.130676	Parkinson Disease	0.93	0.78		intron_variant	A/C,G
1.0	VPS13C	15	rs369100678	C0030567	1993	2016	0	0.02	3	2.44496E-5	0.4	61958608	54832	3	0.797	0		Parkinson Disease	0.89	1.0		missense_variant	C/G
1.0	VPS13C	15	rs869312810	C0030567	1993	2016	0	0.0	3		0.4	61882652	54832	2	0.0	0		Parkinson Disease	0.93	1.0		stop_gained	C/A
1.0	VPS13C	15	rs869312811	C0030567	1993	2016	0	0.0	3		0.4	61947292	54832	2	0.0	0		Parkinson Disease	0.93	1.0		frameshift_variant	G/-
1.0	TNR	1	rs869312899	C0030567	1993	2016	0	0.0	3	6.86073E-7, 1.37215E-6, 1.09772E-5	0.4	175386077	7143	1	1.0	0	6.57661E-6, -1.0, 6.57661E-6	Parkinson Disease	1.0	1.0		stop_gained	G/A,C,T
1.0	VPS13C	15	rs879253853	C0030567	1993	2016	0	0.0	3		0.4	62013057	54832	1	0.0	0		Parkinson Disease	1.0	1.0		frameshift_variant	-/TCTG
1.0	TNR	1	rs150331590	C0030567	1993	2016	0	0.0	3	4.51473E-5	0.4	175406252	7143	1	0.996	0	6.57376E-5	Parkinson Disease	1.0	1.0		missense_variant	A/T
1.0	TNK2	3	rs112384084	C0030567	1993	2016	0	0.09	3	0.0178402	0.4	195867623	10188	1	0.383	0	0.0115766	Parkinson Disease	1.0	1.0		missense_variant	C/T
1.0	IP6K2	3	rs12497850	C0030567	2017	2024	0		3	-1.0, 0.625	0.4	48711556	51447	1		0	-1.0, 0.632599	Parkinson Disease	0.89	0.65		intron_variant	G/C,T
1.0	CTSB	8	rs1293298	C0030567	2019	2024	0		3	0.235294	0.4	11854934	1508	1		0	0.248002	Parkinson Disease	1.0	1.0		intron_variant	A/C
1.0	LOC107985959	2	rs1474055	C0030567	2014	2019	0		3		0.4	168253884	107985959	2		0	0.148999	Parkinson Disease	0.93	0.78		intron_variant	C/T
1.0	IGSF9B	11	rs3802920	C0030567	2019	2024	0		3		0.4	133917106	22997	1		0	4.6E-5, 1.11714E-4, 0.141723	Parkinson Disease	1.0	1.0		intron_variant	G/A,C,T
1.0	TNR	1	rs147204644	C0030567	1993	2016	0	1.0	3	0.0047477	0.4	175406219	7143	1	0.414	0	0.00403814	Parkinson Disease	1.0	1.0		missense_variant	T/C
1.0	TNK2	3	rs370013968	C0030567	1993	2016	0	0.0	3	1.28632E-4	0.4	195878519	10188	1	0.999	0	4.60036E-5	Parkinson Disease	1.0	1.0		missense_variant	A/G
1.0	SPPL2B	19	rs55818311	C0030567	2019	2024	0		2	-1.0, 0.655053	0.4	2341049	56928	1		0	-1.0, 0.627621	Parkinson Disease	1.0	1.0		3_prime_UTR_variant	C/G,T
1.0	TMEM163	2	rs57891859	C0030567	2019	2024	0		2		0.4	134707046	81615	2		0	-1.0, 0.416183, -1.0	Parkinson Disease	0.93	0.56		intron_variant	A/C,G,T
1.0	FAM47E-STBD1,FAM47E	4	rs6854006	C0030567	2019	2024	0		2		0.4	76276901	100631383;100129583	1		0	0.373158	Parkinson Disease	0.93	0.78		intron_variant	C/T
1.0	PMVK	1	rs114138760	C0030567	2019	2024	0		2		0.4	154925709	10654	1		0	0.00670806	Parkinson Disease	1.0	1.0		intron_variant	G/C
1.0	SPTSSB	3	rs1450522	C0030567	2019	2021	0		2	0.309738	0.4	161359842	165679	1		0	0.290831	Parkinson Disease	1.0	1.0		5_prime_UTR_variant	A/G
1.0	BRIP1	17	rs61169879	C0030567	2019	2024	0		2		0.4	61840005	83990	1		0	-1.0, 0.15847	Parkinson Disease	1.0	1.0		intron_variant	C/A,T
1.0	CAB39L	13	rs9568188	C0030567	2017	2019	0		2		0.4	49353596	81617	1		0	0.376775	Parkinson Disease	1.0	1.0		intron_variant	T/C
1.0	MAP4K4	2	rs11683001	C0030567	2019	2024	0		2		0.4	101780501	9448	1		0	0.279652, -1.0	Parkinson Disease	1.0	1.0		intron_variant	T/A,G
1.0		6	rs12528068	C0030567	2019	2024	0		2		0.4	71778059		1		0	-1.0, 0.300191	Parkinson Disease	1.0	1.0		intergenic_variant	C/A,T
1.0	NSF,LRRC37A2	17	rs199453	C0030567	2019	2024	0		2		0.4	46723580	4905;474170	1		0	-1.0, -1.0, 0.301501	Parkinson Disease	0.89	0.78		intron_variant	C/A,G,T
1.0	ITGA8	10	rs10906923	C0030567	2017	2021	0		2		0.4	15527599	8516	1		0	0.507752, 2.63314E-5	Parkinson Disease	1.0	1.0		intron_variant	C/A,T
1.0	CNTN1	12	rs1442190	C0030567	2014	2024	0		2	0.0264362	0.4	40971838	1272	1		0	0.0657412	Parkinson Disease	1.0	1.0		3_prime_UTR_variant	G/A
1.0	UBAP2	9	rs6476434	C0030567	2019	2024	0		2		0.4	34046393	55833	1		0	0.681519	Parkinson Disease	1.0	1.0		intron_variant	C/T
1.0		1	rs6658353	C0030567	2019	2024	0		2		0.4	161499264		4		0	0.490671, 5.27148E-5	Parkinson Disease	0.78	0.65		intergenic_variant	G/C,T
1.0		5	rs6875262	C0030567	2019	2021	0		2		0.4	124774580		1		0	6.5754E-6, 0.888933, -1.0	Parkinson Disease	1.0	1.0		intergenic_variant	T/A,C,G
1.0	MAPT-AS1	17	rs7221167	C0030567	2019	2021	0		2		0.4	45855941	100128977	2		0	-1.0, 0.373741	Parkinson Disease	1.0	1.0		intron_variant	T/A,C
1.0	MYLK2	20	rs6060983	C0030567	2021	2024	0		2		0.4	31833121	85366	1		0	0.406211	Parkinson Disease	1.0	1.0		intron_variant	T/C
1.0		4	rs13117519	C0030567	2019	2024	0		2		0.4	113447909		1		0	0.122401	Parkinson Disease	1.0	1.0		intron_variant	C/T
1.0		1	rs1630500	C0030567	2014	2023	0		2		0.4	154882579		1		0	0.0489106	Parkinson Disease	1.0	1.0		intergenic_variant	G/A
1.0	LOC105369736	12	rs190807041	C0030567	2019	2024	0		2		0.4	40379882	105369736	1		0	0.00221951	Parkinson Disease	1.0	1.0		intron_variant	A/G
1.0		6	rs943437	C0030567	2017	2021	0		2		0.4	111921050		1		0	0.293788, -1.0	Parkinson Disease	1.0	1.0		intron_variant	A/G,T
1.0		14	rs8012377	C0030567	2024	2024	0		1		0.4	55724695		1		0	-1.0, -1.0, 0.565939	Parkinson Disease	1.0	1.0		intergenic_variant	C/A,G,T
1.0		18	rs8091977	C0030567	2024	2024	0		1		0.4	33779450		1		0	-1.0, 0.556794	Parkinson Disease	1.0	1.0		intergenic_variant	T/A,C
1.0	FAM171A2	17	rs850738	C0030567	2019	2019	0		1		0.4	44357262	284069	1		0	0.488923, -1.0	Parkinson Disease	0.86	0.78		intron_variant	A/G,T
1.0	TRIM40	6	rs9261484	C0030567	2019	2019	0		1		0.4	30140906	135644	1		0	-1.0, 0.232107	Parkinson Disease	0.69	0.24		intron_variant	C/A,T
1.0	SLC44A4,EHMT2-AS1	6	rs9267659	C0030567	2019	2019	0		1		0.4	31878457	80736;107986588	1		0	-1.0, 0.853709, -1.0	Parkinson Disease	0.58	0.14		intron_variant	A/C,G,T
1.0		6	rs9275152	C0030567	2019	2019	0		1		0.4	32684419		1		0	6.57981E-6, 0.0828029	Parkinson Disease	0.52	0.12		intergenic_variant	T/A,C
1.0	MDGA2	14	rs9323124	C0030567	2016	2016	0		1	0.185747	0.4	46996974	161357	1		0	0.22243	Parkinson Disease	0.93	1.0		non_coding_transcript_exon_variant	T/A
1.0	CLCN3	4	rs62333164	C0030567	2019	2019	0		1		0.4	169662006	1182	2		0	0.265495	Parkinson Disease	0.93	0.78		intron_variant	G/A
1.0		17	rs6416935	C0030567	2017	2017	0		1		0.4	62107553		1		0	-1.0, -1.0, 0.15529	Parkinson Disease	1.0	1.0		intergenic_variant	G/A,C,T
1.0		2	rs6710823	C0030567	2011	2011	0		1		0.4	134834811		1		0	0.231362, 7.56659E-5	Parkinson Disease	1.0	1.0		intron_variant	G/A,C
1.0	CFAP20DC-DT	3	rs6783485	C0030567	2016	2016	0		1		0.4	59442071	105377110	1		0	0.0490011, 6.57618E-6	Parkinson Disease	0.93	1.0		intron_variant	G/A,C
1.0	NECTIN2	19	rs6857	C0030567	2024	2024	0		1	0.119952	0.4	44888997	5819	19		0	0.126078	Parkinson Disease	0.61	0.24		3_prime_UTR_variant	C/T
1.0		11	rs687432	C0030567	2016	2016	0		1		0.4	57926788		1		0	0.642238, -1.0, -1.0	Parkinson Disease	0.93	0.78		intergenic_variant	A/C,G,T
1.0	GPM6B	X	rs7066890	C0030567	2021	2021	0		1		0.4	13874463	2824	1		0		Parkinson Disease	1.0	1.0		intron_variant	T/A,C,G
1.0	BAG3	10	rs72840788	C0030567	2019	2019	0		1		0.4	119656173	9531	7		0	0.146279, -1.0	Parkinson Disease	0.8	0.56		intron_variant	G/A,T
1.0	CARS2	13	rs74125032	C0030567	2021	2021	0		1	-1.0, -1.0, 6.04516E-5	0.4	110677242	79587	1		0		Parkinson Disease	1.0	1.0		intron_variant	C/A,G,T
1.0	ING1	13	rs74125084	C0030567	2021	2021	0		1	5.89414E-4	0.4	110720333	3621	1		0	0.0583196	Parkinson Disease	1.0	1.0		3_prime_UTR_variant	A/T
1.0	LOC105378008	6	rs75859381	C0030567	2019	2019	0		1		0.4	132889222	105378008	1		0	0.02925	Parkinson Disease	1.0	1.0		intron_variant	T/C
1.0		4	rs78738012	C0030567	2017	2017	0		1		0.4	113439216		1		0	0.06619, -1.0	Parkinson Disease	1.0	1.0		intron_variant	T/C,G
1.0	LOC105377329	4	rs79483792	C0030567	2024	2024	0		1		0.4	89582510	105377329	1		0	0.0716331	Parkinson Disease	1.0	1.0		non_coding_transcript_exon_variant	T/C
1.0	KLHDC1	14	rs79503702	C0030567	2016	2016	0		1		0.4	49739452	122773	1		0	0.00574018, -1.0	Parkinson Disease	1.0	1.0		intron_variant	G/A,C
1.0	RILPL2	12	rs28659953	C0030567	2024	2024	0		1		0.4	123427666	196383	2		0	-1.0, 0.431412	Parkinson Disease	0.78	0.56		intron_variant	T/A,C
1.0	CDC42BPB	14	rs34400130	C0030567	2024	2024	0		1		0.4	102973017	9578	1		0	1.3138E-5, 7.22031E-4	Parkinson Disease	1.0	1.0		intron_variant	C/G,T
1.0		12	rs34773022	C0030567	2024	2024	0		1		0.4	122638867		1		0	0.215079, -1.0	Parkinson Disease	1.0	1.0		downstream_gene_variant	G/A,C
1.0		1	rs35902694	C0030567	2023	2023	0		1		0.4	155070410		1		0	-1.0, 0.66134	Parkinson Disease	0.86	0.65		downstream_gene_variant	T/A,G
1.0	SNCA	4	rs3796661	C0030567	2023	2023	0		1		0.4	89766356	6622	1		0	-1.0, 0.0942545	Parkinson Disease	1.0	1.0		intron_variant	C/G,T
1.0	NUCKS1	1	rs3805	C0030567	2021	2021	0		1	-1.0, 0.125	0.4	205714227	64710	1		0	-1.0, 0.132175	Parkinson Disease	1.0	1.0		3_prime_UTR_variant	T/A,G
1.0	SNCA-AS1,SNCA	4	rs3806789	C0030567	2021	2021	0		1	-1.0, 0.5	0.4	89838405	644248;6622	1		0	-1.0, 0.564771	Parkinson Disease	1.0	1.0		splice_region_variant	C/G,T
1.0	BST1	4	rs4266290	C0030567	2016	2016	0		1		0.4	15735495	683	1		0	0.335426, -1.0	Parkinson Disease	1.0	1.0		intron_variant	G/C,T
1.0	FASN	17	rs4485435	C0030567	2024	2024	0	0.0	1	4.9525E-5, 0.178161, 2.06354E-6	0.4	82087210	2194	1	0.0	0	3.29038E-5, 0.226329, 6.58077E-6	Parkinson Disease	1.0	1.0		synonymous_variant	G/A,C,T
1.0	BRINP1	9	rs4837628	C0030567	2010	2010	0		1		0.4	119297431	1620	1		0	0.476697, 6.58571E-6	Parkinson Disease	1.0	1.0		intron_variant	T/C,G
1.0	SHROOM3	4	rs4859676	C0030567	2024	2024	0		1		0.4	76457698	57619	1		0	0.62148, -1.0	Parkinson Disease	0.93	0.78		intron_variant	G/A,C
1.0	KPNA1	3	rs55961674	C0030567	2019	2019	0		1		0.4	122478045	3836	1		0	0.143796	Parkinson Disease	0.89	0.78		intron_variant	C/T
1.0	LMNA	1	rs577492	C0030567	2023	2023	0		1		0.4	156130948	4000	1		0	0.211839	Parkinson Disease	1.0	1.0		intron_variant	T/C
1.0		17	rs601999	C0030567	2016	2016	0		1		0.4	42546140		1		0	-1.0, 0.637575, -1.0	Parkinson Disease	1.0	1.0		non_coding_transcript_exon_variant	T/A,C,G
1.0	LOC105379297	8	rs620513	C0030567	2019	2019	0		1		0.4	16840084	105379297	1		0	-1.0, -1.0, 0.299039	Parkinson Disease	1.0	1.0		intron_variant	G/A,C,T
1.0	LOC105375186	7	rs10256359	C0030567	2016	2016	0		1		0.4	23084258	105375186	1		0	-1.0, -1.0, 0.459753	Parkinson Disease	1.0	1.0		intergenic_variant	C/A,G,T
1.0	WDR1	4	rs10939702	C0030567	2023	2023	0		1		0.4	10095068	9948	1		0	6.57479E-6, 0.312542	Parkinson Disease	0.86	0.49		intron_variant	G/A,T
1.0	BALR6	3	rs1108439	C0030567	2024	2024	0		1		0.4	18159827	339862	1		0	0.0749005	Parkinson Disease	1.0	1.0		intron_variant	A/G
1.0	PBXIP1	1	rs116114495	C0030567	2023	2023	0		1	3.42199E-6, 0.0230932	0.4	154951539	57326	2		0	-1.0, 0.0195417	Parkinson Disease	0.93	0.78		splice_region_variant	C/A,T
1.0	MCTP2	15	rs11634227	C0030567	2021	2021	0		1		0.4	94318611	55784	1		0	-1.0, -1.0, 0.549408	Parkinson Disease	1.0	1.0		intron_variant	C/A,G,T
1.0	CYP4Z1	1	rs116504637	C0030567	2021	2021	0		1		0.4	47092261	199974	1		0	-1.0, 1.25577E-4, 0.254595	Parkinson Disease	1.0	1.0		intron_variant	T/A,C,G
1.0	ITGAE,HASPIN	17	rs11653889	C0030567	2021	2021	0	0.04	1	0.0104542	0.4	3724162	3682;83903	1	0.135	0	0.00747652	Parkinson Disease	1.0	1.0		missense_variant	T/A
1.0	MED12L	3	rs11707416	C0030567	2019	2019	0		1		0.4	151391177	116931	1		0	0.277728	Parkinson Disease	1.0	1.0		intron_variant	T/A
1.0	TPM1	15	rs117267308	C0030567	2016	2016	0		1		0.4	63054177	7168	1		0	0.0105334	Parkinson Disease	1.0	1.0		intron_variant	T/A
1.0		1	rs12118655	C0030567	2024	2024	0		1		0.4	205694350		1		0	0.131834, -1.0	Parkinson Disease	1.0	1.0		intron_variant	A/G,T
1.0	TRAPPC2L	16	rs12921479	C0030567	2015	2015	0		1	0.666667	0.4	88862799	51693	1		0	0.389758	Parkinson Disease	0.89	0.78		downstream_gene_variant	T/C
1.0	RETREG3	17	rs12951632	C0030567	2019	2019	0		1		0.4	42588995	162427	1		0	-1.0, 0.253659	Parkinson Disease	0.93	0.65		intron_variant	T/A,C
1.0	LOC107985959	2	rs12987123	C0030567	2024	2024	0		1		0.4	168264031	107985959	1		0	-1.0, 0.136154	Parkinson Disease	1.0	1.0		intron_variant	A/C,T
1.0		5	rs13153459	C0030567	2016	2016	0		1		0.4	44515833		1		0	0.2374, -1.0	Parkinson Disease	0.93	1.0		intron_variant	A/C,T
1.0	SIPA1L2	1	rs1326293	C0030567	2024	2024	0		1		0.4	232533936	57568	1		0	3.29203E-5, 0.216539	Parkinson Disease	1.0	1.0		intron_variant	G/A,T
1.0	ITGA8	10	rs13664	C0030567	2024	2024	0		1	-1.0, 0.6	0.4	15514323	8516	1		0	-1.0, 0.533745	Parkinson Disease	1.0	1.0		3_prime_UTR_variant	G/C,T
1.0	SLC2A13	12	rs1384236	C0030567	2017	2017	0		1		0.4	40064582	114134	1		0	-1.0, 0.949334	Parkinson Disease	1.0	1.0		intron_variant	C/G,T
1.0	KCNIP4	4	rs141863958	C0030567	2015	2015	0		1		0.4	21291814	80333	1		0	0.0142701, 7.00104E-6	Parkinson Disease	1.0	1.0		intron_variant	G/A,T
1.0	ITIH1	3	rs143918452	C0030567	2017	2017	0		1	0.0100306	0.4	52782824	3697	1		0	0.00577654	Parkinson Disease	1.0	1.0		intron_variant	G/A
1.0	CA8	8	rs144074972	C0030567	2016	2016	0		1		0.4	60251336	767	1		0	1.50962E-4	Parkinson Disease	1.0	1.0		intron_variant	T/C
1.0		12	rs144847051	C0030567	2016	2016	0		1		0.4	33148871		1		0	9.50755E-4	Parkinson Disease	1.0	1.0		intergenic_variant	G/A
1.0	CCSER1	4	rs145138919	C0030567	2024	2024	0		1		0.4	90531895	401145	1		0	0.0079067, 2.62881E-5	Parkinson Disease	1.0	1.0		intron_variant	T/C,G
1.0	LINC01147	14	rs1561758	C0030567	2024	2024	0		1		0.4	88021226	101928791	1		0	0.471227	Parkinson Disease	1.0	1.0		intron_variant	G/C
1.0	BGLAP,PMF1-BGLAP	1	rs1800247	C0030567	2023	2023	0		1	0.212761	0.4	156242034	632;100527963	1		0	0.205943	Parkinson Disease	0.79	0.3		upstream_gene_variant	T/C
1.0	CYRIB	8	rs2086641	C0030567	2019	2019	0		1		0.4	129889663	51571	1		0	0.228723	Parkinson Disease	1.0	1.0		intron_variant	T/C
1.0		10	rs2178923	C0030567	2024	2024	0		1		0.4	119699575		1		0	0.473369, -1.0	Parkinson Disease	0.93	0.78		intron_variant	G/A,T
1.0	CNKSR3	6	rs2275336	C0030567	2012	2012	0		1	0.069058	0.4	154405854	154043	1		0	0.063517	Parkinson Disease	1.0	1.0		3_prime_UTR_variant	G/A
1.0	PAM	5	rs26431	C0030567	2019	2019	0		1	-1.0, 1.0, -1.0	0.4	103030090	5066	1		0	-1.0, 0.74601, -1.0	Parkinson Disease	1.0	1.0		upstream_gene_variant	G/A,C,T
1.0	CTSB	8	rs2740594	C0030567	2017	2017	0		1	-1.0, 0.157676, -1.0	0.4	11849665	1508	1		0	-1.0, 0.179078, 6.64452E-6	Parkinson Disease	1.0	1.0		intron_variant	A/C,G,T
1.0	SLC2A13	12	rs28370650	C0030567	2024	2024	0		1		0.4	40006146	114134	1		0	0.0145903	Parkinson Disease	1.0	1.0		intron_variant	T/A
1.0	SLC2A13	12	rs28370664	C0030567	2021	2021	0		1		0.4	40019503	114134	1		0	0.02848, -1.0	Parkinson Disease	1.0	1.0		intron_variant	C/A,T
1.0	GBA1LP	1	rs28445596	C0030567	2023	2023	0		1	0.474901	0.4	155216938	2630	1		0	0.431214	Parkinson Disease	0.89	0.43		non_coding_transcript_exon_variant	C/T
1.0	LCORL	4	rs34025766	C0030567	2019	2019	0		1		0.4	17967188	254251	1		0	0.24263, 6.58276E-6	Parkinson Disease	0.93	0.78		intron_variant	T/A,C
1.0	LHFPL2	5	rs344650	C0030567	2016	2016	0		1		0.4	78564785	10184	1		0	0.0104712	Parkinson Disease	1.0	1.0		intron_variant	A/G
1.0	LOC124900602	4	rs356228	C0030567	2019	2019	0		1	0.833333	0.4	89685975	124900602	1		0	0.526183	Parkinson Disease	1.0	1.0		non_coding_transcript_exon_variant	C/G
1.0	LOC107984782	15	rs3889108	C0030567	2021	2021	0		1		0.4	61712597	107984782	1		0	0.114179	Parkinson Disease	1.0	1.0		intron_variant	C/T
1.0	SCARB2,FAM47E	4	rs4101061	C0030567	2019	2019	0		1		0.4	76226816	950;100129583	1		0	-1.0, 0.319355, -1.0	Parkinson Disease	1.0	1.0		intron_variant	A/C,G,T
1.0	RIT2	18	rs4588066	C0030567	2024	2024	0		1		0.4	43092999	6014	1		0	0.327717, -1.0	Parkinson Disease	1.0	1.0		intron_variant	G/A,C
1.0	TMEM163	2	rs4954162	C0030567	2019	2019	0		1		0.4	134681219	81615	1		0	0.133782	Parkinson Disease	1.0	1.0		intron_variant	G/A
1.0	ARHGAP27	17	rs8327	C0030567	2024	2024	0		1	0.274585	0.4	45395141	201176	1		0	0.22716	Parkinson Disease	1.0	1.0		3_prime_UTR_variant	A/G
1.0	LOC107985355	1	rs849898	C0030567	2016	2016	0		1		0.4	227966216	107985355	1		0	3.94197E-5, 0.292095	Parkinson Disease	0.93	1.0		intergenic_variant	A/C,G
1.0	ITGA8	10	rs896435	C0030567	2019	2019	0		1	-1.0, 0.5	0.4	15515407	8516	1		0	-1.0, 0.516476	Parkinson Disease	1.0	1.0		3_prime_UTR_variant	C/G,T
1.0	LOC105370324	13	rs9516970	C0030567	2017	2017	0		1		0.4	97592635	105370324	1		0	0.567464	Parkinson Disease	1.0	1.0		intron_variant	G/A
1.0	LINC02210-CRHR1	17	rs9912362	C0030567	2019	2019	0		1		0.4	45706862	104909134	1		0	-1.0, 0.599588	Parkinson Disease	0.89	0.78		intergenic_variant	T/A,C
1.0	SYBU	8	rs6469271	C0030567	2024	2024	0		1		0.4	109632545	55638	1		0	0.28521	Parkinson Disease	1.0	1.0		intron_variant	T/C
1.0		12	rs6582586	C0030567	2024	2024	0		1		0.4	46022959		2		0	0.324425	Parkinson Disease	1.0	1.0		intergenic_variant	G/A
1.0	DNAH17	17	rs666463	C0030567	2019	2019	0		1	0.162318	0.4	78429399	8632	1		0	0.155826	Parkinson Disease	1.0	1.0		intron_variant	A/T
1.0	SPTSSB	3	rs67460515	C0030567	2017	2017	0		1		0.4	161350778	165679	1		0	0.318633	Parkinson Disease	1.0	1.0		intron_variant	T/C
1.0	KANSL1	17	rs7225002	C0030567	2019	2019	0		1		0.4	46111701	284058	3		0	-1.0, 0.392949	Parkinson Disease	0.89	0.78		intron_variant	A/C,G
1.0	LINC02210-CRHR1	17	rs7225082	C0030567	2024	2024	0		1		0.4	45771129	104909134	1		0	3.29337E-5, 1.31735E-5, 0.5854	Parkinson Disease	1.0	1.0		regulatory_region_variant	G/A,C,T
1.0		22	rs73174657	C0030567	2024	2024	0		1		0.4	41038154		1		0	0.257861, -1.0	Parkinson Disease	0.78	0.43		intergenic_variant	G/A,C
1.0	CNTN1	12	rs73273590	C0030567	2024	2024	0		1		0.4	40861076	1272	1		0	0.0527045	Parkinson Disease	1.0	1.0		intron_variant	A/T
1.0		1	rs7365544	C0030567	2023	2023	0		1		0.4	155096272		1		0	0.59141, -1.0	Parkinson Disease	0.93	0.78		intron_variant	C/A,T
1.0		18	rs75344947	C0030567	2024	2024	0		1		0.4	43360967		1		0	-1.0, 0.12834	Parkinson Disease	1.0	1.0		intergenic_variant	T/A,C
1.0	CCSER1	4	rs75541595	C0030567	2024	2024	0		1		0.4	90290373	401145	1		0	0.0411121	Parkinson Disease	1.0	1.0		intron_variant	G/A
1.0	LOC105377331	4	rs78327649	C0030567	2024	2024	0		1		0.4	90059181	105377331	1		0	0.0599009	Parkinson Disease	1.0	1.0		intron_variant	G/C
1.0	MX2	21	rs78736162	C0030567	2015	2015	0		1		0.4	41368561	4600	1		0	0.0345034	Parkinson Disease	1.0	1.0		intron_variant	A/G
1.0	MUC12	7	rs78837976	C0030567	2021	2021	0	0.13	1		0.4	101004230	10071	1	0.003	0		Parkinson Disease	1.0	1.0		missense_variant	C/T
1.0	LOC105377329	4	rs10516839	C0030567	2021	2021	0		1		0.4	89587189	105377329	1		0	0.165201	Parkinson Disease	1.0	1.0		intron_variant	T/G
1.0	LOC107984782	15	rs10519131	C0030567	2012	2012	0		1		0.4	61708933	107984782	1		0	0.0983255, 6.57125E-6	Parkinson Disease	1.0	1.0		intron_variant	A/C,T
1.0	PPP6R2	22	rs10775809	C0030567	2024	2024	0		1		0.4	50369588	9701	1		0	0.214506	Parkinson Disease	1.0	1.0		intron_variant	A/T
1.0	AGAP1	2	rs10929159	C0030567	2017	2017	0		1		0.4	236024319	116987	1		0	-1.0, 0.651166	Parkinson Disease	1.0	1.0		intron_variant	T/A,G
1.0	COL5A2	2	rs11186	C0030567	2016	2016	0		1	0.0866142	0.4	189032668	1290	1		0	0.095455	Parkinson Disease	0.93	1.0		3_prime_UTR_variant	A/C
1.0	AREL1	14	rs112288215	C0030567	2024	2024	0		1		0.4	74688182	9870	1		0	0.13582	Parkinson Disease	1.0	1.0		intron_variant	T/C
1.0		6	rs112485576	C0030567	2019	2019	0		1		0.4	32610995		1		0		Parkinson Disease	1.0	1.0		intergenic_variant	C/A,G,T
1.0	KANSL1	17	rs113564729	C0030567	2021	2021	0		1		0.4	46101729	284058	1		0	0.364974	Parkinson Disease	1.0	1.0		intron_variant	G/A
1.0		X	rs11796528	C0030567	2021	2021	0		1		0.4	69159006		1		0		Parkinson Disease	1.0	1.0		downstream_gene_variant	G/A
1.0		10	rs118117788	C0030567	2024	2024	0		1		0.4	119950976		1		0	0.00938856	Parkinson Disease	1.0	1.0		intergenic_variant	C/T
1.0	DDX46	5	rs11956597	C0030567	2024	2024	0		1		0.4	134763068	9879	1		0	0.115102	Parkinson Disease	1.0	1.0		intron_variant	A/T
1.0	DLG2	11	rs12278023	C0030567	2020	2020	0		1		0.4	83799074	1740	1		0	-1.0, 0.449288, -1.0	Parkinson Disease	1.0	1.0		intron_variant	T/A,C,G
1.0		2	rs12467316	C0030567	2021	2021	0		1		0.4	101988187		1		0	0.282499, -1.0	Parkinson Disease	1.0	1.0		splice_polypyrimidine_tract_variant	C/A,G
1.0	FAM47E-STBD1,FAM47E	4	rs12643261	C0030567	2021	2021	0		1		0.4	76255695	100631383;100129583	1		0	-1.0, 0.119341	Parkinson Disease	1.0	1.0		intron_variant	T/A,C
1.0		8	rs1296028	C0030567	2012	2012	0		1		0.4	11841238		1		0	0.197038, 6.57903E-6	Parkinson Disease	1.0	1.0		downstream_gene_variant	A/G,T
1.0	SPATA6	1	rs1311506805	C0030567	2024	2024	0		1		0.4	48345118	54558	1		0	6.57393E-6	Parkinson Disease	1.0	1.0		intron_variant	A/G
1.0	SLCO1B3	12	rs143371462	C0030567	2021	2021	0		1		0.4	20812884	28234	1		0	0.0120446	Parkinson Disease	1.0	1.0		intron_variant	A/G
1.0	GXYLT1	12	rs144755950	C0030567	2019	2019	0		1		0.4	42141601	283464	1		0	0.00660472	Parkinson Disease	1.0	1.0		intron_variant	T/C
1.0	BAG3	10	rs144814361	C0030567	2021	2021	0		1	5.13616E-6, 0.010792	0.4	119651405	9531	2		0	1.3148E-5, 0.00857312	Parkinson Disease	0.93	0.65		5_prime_UTR_variant	C/A,T
1.0	MED13	17	rs148528915	C0030567	2024	2024	0		1		0.4	62048221	9969	1		0	-1.0, 0.114507	Parkinson Disease	1.0	1.0		intron_variant	C/A,T
1.0		17	rs148534175	C0030567	2021	2021	0		1		0.4	62120839		1		0	0.13896	Parkinson Disease	1.0	1.0		upstream_gene_variant	C/T
1.0	SCARB2	4	rs1550556	C0030567	2024	2024	0		1	0.0833333	0.4	76173388	950	1		0	0.156131	Parkinson Disease	1.0	1.0		non_coding_transcript_exon_variant	C/T
1.0	ADD1	4	rs16843452	C0030567	2024	2024	0		1		0.4	2847441	118	1		0	-1.0, 0.1663	Parkinson Disease	0.93	0.78		intron_variant	C/G,T
1.0	RIT1	1	rs1749409	C0030567	2023	2023	0		1	0.911382, -1.0	0.4	155900625	6016	1		0	0.811614, -1.0	Parkinson Disease	0.93	0.65		splice_region_variant	G/A,T
1.0		3	rs1879553	C0030567	2016	2016	0		1		0.4	118896616		1		0	0.0749119	Parkinson Disease	0.93	1.0		downstream_gene_variant	A/G
1.0		10	rs188789342	C0030567	2016	2016	0		1		0.4	119612816		1		0	0.0125106	Parkinson Disease	1.0	1.0		intergenic_variant	C/T
1.0	ASXL3	18	rs1941685	C0030567	2019	2019	0		1		0.4	33724354	80816	1		0	-1.0, 0.597972	Parkinson Disease	1.0	1.0		intron_variant	G/C,T
1.0	LRRC37A2,WNT3	17	rs199498	C0030567	2014	2014	0		1		0.4	46788237	474170;7473	5		0	-1.0, 0.205447, 6.57402E-5	Parkinson Disease	0.82	0.56		intron_variant	T/A,C,G
1.0	GBA1LP	1	rs2049805	C0030567	2023	2023	0		1	-1.0, 0.583297, -1.0	0.4	155225189	2630	1		0	-1.0, 0.568621, -1.0	Parkinson Disease	0.89	0.43		intron_variant	T/A,C,G
1.0		10	rs224750	C0030567	2021	2021	0		1		0.4	33942102		1		0	0.426619	Parkinson Disease	1.0	1.0		upstream_gene_variant	C/T
1.0		20	rs2295545	C0030567	2019	2019	0		1		0.4	3184040		1		0	-1.0, 0.357774, -1.0	Parkinson Disease	1.0	1.0		intron_variant	T/A,C,G
1.0	KLHL7	7	rs28624974	C0030567	2021	2021	0		1		0.4	23149317	55975	1		0	0.439175	Parkinson Disease	1.0	1.0		intron_variant	T/C
1.0		8	rs2921073	C0030567	2017	2017	0		1		0.4	8450133		1		0	6.63975E-6, -1.0, 0.517079	Parkinson Disease	0.78	0.43		intron_variant	C/A,G,T
1.0	CASC16	16	rs3104776	C0030567	2024	2024	0		1		0.4	52597550	643714	1		0	-1.0, 0.448198, 9.22145E-5	Parkinson Disease	0.8	0.56		intron_variant	A/C,G,T
1.0	TMC3,TMC3-AS1	15	rs3935740	C0030567	2013	2013	0		1		0.4	81334384	342125;101929655	1		0	0.213261	Parkinson Disease	1.0	1.0		intron_variant	G/A
1.0		6	rs4140646	C0030567	2019	2019	0		1		0.4	27771022		1		0	0.227209	Parkinson Disease	0.68	0.18		splice_region_variant	G/A
1.0		12	rs4421827	C0030567	2024	2024	0		1		0.4	33974571		1		0	0.00935533	Parkinson Disease	1.0	1.0		intergenic_variant	G/A
1.0		2	rs4667572	C0030567	2021	2021	0		1		0.4	168299490		1		0	0.206013, -1.0	Parkinson Disease	1.0	1.0		intergenic_variant	G/A,T
1.0	LOC124901291,LINC01012	6	rs4713118	C0030567	2016	2016	0		1		0.4	27709015	124901291;100507173	1		0	0.300968, -1.0	Parkinson Disease	0.67	0.18		non_coding_transcript_exon_variant	A/G,T
1.0		20	rs4815573	C0030567	2024	2024	0		1		0.4	3186025		1		0	6.87049E-6, 0.372564	Parkinson Disease	1.0	1.0		intron_variant	C/A,T
1.0	RNF141	11	rs4910150	C0030567	2024	2024	0		1	-1.0, 0.5	0.4	10511626	50862	1		0	-1.0, 0.199373	Parkinson Disease	1.0	1.0		upstream_gene_variant	C/G,T
1.0	LMNA	1	rs513043	C0030567	2023	2023	0	0.0	1	0.0904241	0.4	156129878	4000	1	0.837	0	0.181653	Parkinson Disease	1.0	1.0		missense_variant	T/G
1.0	SSC4D,ZP3	7	rs6465122	C0030567	2015	2015	0		1		0.4	76411547	136853;7784	1		0	-1.0, 0.828325, -1.0	Parkinson Disease	1.0	1.0		intron_variant	T/A,C,G
1.0	NOD2	16	rs6500328	C0030567	2019	2019	0		1		0.4	50702745	64127	1		0	0.406793	Parkinson Disease	1.0	1.0		intron_variant	A/G
1.0	TMEM175	4	rs6599389	C0030567	2011	2011	0		1		0.4	945325	84286	1		0	0.0605903, 6.58623E-6	Parkinson Disease	1.0	1.0		intron_variant	G/A,T
1.0	PIK3CA-DT	3	rs6806917	C0030567	2024	2024	0		1		0.4	179143629	101928739	1		0	0.251646	Parkinson Disease	1.0	1.0		intron_variant	T/C
1.0		12	rs7134559	C0030567	2019	2019	0		1		0.4	46025303		2		0	-1.0, -1.0, 0.32292	Parkinson Disease	0.93	0.78		intergenic_variant	C/A,G,T
1.0	MAPT	17	rs713522	C0030567	2024	2024	0		1		0.4	45987897	4137	2		0	-1.0, 0.439236	Parkinson Disease	1.0	1.0		non_coding_transcript_exon_variant	T/A,C
1.0	RABGEF1P1	7	rs76949143	C0030567	2019	2019	0		1		0.4	66544864	493754	1		0	0.0715276	Parkinson Disease	1.0	1.0		non_coding_transcript_exon_variant	T/A
1.0	LMNA	1	rs553016	C0030567	2023	2023	0		1	-1.0, 0.0801186	0.4	156137072	4000	1		0	-1.0, 0.167351	Parkinson Disease	1.0	1.0		non_coding_transcript_exon_variant	C/G,T
1.0		3	rs559557961	C0030567	2024	2024	0		1		0.4	127563982		1		0	7.91077E-5	Parkinson Disease	1.0	1.0		intergenic_variant	C/T
1.0	TRPM2	21	rs56379273	C0030567	2021	2021	0	0.34	1	0.0139137, -1.0	0.4	44406603	7226	1	0.041	0	0.0104762, 6.5773E-6	Parkinson Disease	1.0	1.0		missense_variant	G/A,C
1.0	LRP1B	2	rs80306347	C0030567	2023	2023	0		1		0.4	141242702	53353	2		0	0.0181528	Parkinson Disease	0.93	0.78		intron_variant	T/C
1.0		20	rs816535	C0030567	2015	2015	0		1		0.4	26275360		1		0	0.196889	Parkinson Disease	1.0	1.0		intergenic_variant	C/T
1.0	ITGA2B	17	rs850731	C0030567	2024	2024	0		1	0.436017	0.4	44376902	3674	1		0	0.536662	Parkinson Disease	0.84	0.56		intron_variant	T/C
1.0	FYN	6	rs9487736	C0030567	2024	2024	0		1		0.4	111847106	2534	1		0	0.306893, -1.0	Parkinson Disease	1.0	1.0		intron_variant	G/A,C
1.0		2	rs997277	C0030567	2015	2015	0		1		0.4	188886137		1		0	0.297893	Parkinson Disease	0.93	0.78		intergenic_variant	A/G
1.0	LMNA	1	rs10737170	C0030567	2024	2024	0		1		0.4	156094089	4000	1		0	0.899188, -1.0, -1.0	Parkinson Disease	1.0	1.0		intron_variant	C/A,G,T
1.0	SH3GL2	9	rs10756905	C0030567	2024	2024	0		1		0.4	17726890	6456	1		0	6.58137E-6, -1.0, 0.201039	Parkinson Disease	1.0	1.0		intron_variant	C/A,G,T
1.0		11	rs10767971	C0030567	2009	2009	0		1		0.4	32874118		1		0	-1.0, 0.641962	Parkinson Disease	1.0	1.0		intergenic_variant	T/A,C
1.0		13	rs1078514	C0030567	2024	2024	0		1		0.4	109810821		1		0	-1.0, 0.279088	Parkinson Disease	1.0	1.0		downstream_gene_variant	C/A,T
1.0	HIP1R	12	rs10847839	C0030567	2024	2024	0		1		0.4	122838013	9026	1		0	-1.0, 0.320423	Parkinson Disease	1.0	1.0		intron_variant	T/A,C
1.0	VAMP4	1	rs10903	C0030567	2024	2024	0		1	0.184053, -1.0	0.4	171704096	8674	1		0	0.166873, -1.0	Parkinson Disease	0.93	0.78		3_prime_UTR_variant	G/A,T
1.0	MTF2	1	rs11164870	C0030567	2024	2024	0		1		0.4	93086630	22823	2		0	0.483025, -1.0	Parkinson Disease	1.0	1.0		intron_variant	C/G,T
1.0		12	rs11177328	C0030567	2024	2024	0		1		0.4	40583994		1		0	0.0022787	Parkinson Disease	1.0	1.0		intergenic_variant	G/A
1.0	DCST1-AS1,DCST1	1	rs11264300	C0030567	2023	2023	0	0.86	1	0.389144	0.4	155047234	100505666;149095	1	0.023	0	0.409757	Parkinson Disease	0.93	0.65		missense_variant	A/C
1.0		1	rs11578699	C0030567	2019	2019	0		1		0.4	171750629		1		0	0.178764	Parkinson Disease	1.0	1.0		intron_variant	C/T
1.0		17	rs11650438	C0030567	2024	2024	0		1		0.4	16330946		1		0	0.466562, -1.0	Parkinson Disease	1.0	1.0		intron_variant	A/G,T
1.0	LRRC37A2,WNT3	17	rs11658976	C0030567	2019	2019	0		1		0.4	46789439	474170;7473	1		0	0.603824, -1.0	Parkinson Disease	1.0	1.0		intron_variant	G/A,C
1.0	MUC19	12	rs117073808	C0030567	2019	2019	0		1		0.4	40528770	283463	1		0	0.0130813	Parkinson Disease	1.0	1.0		intron_variant	T/C
1.0	MIPOL1	14	rs12147950	C0030567	2019	2019	0		1		0.4	37520065	145282	1		0	0.509508	Parkinson Disease	0.93	1.0		intron_variant	T/C
1.0	CHRNB1	17	rs12600861	C0030567	2019	2019	0		1		0.4	7452302	1140	3		0	0.364886	Parkinson Disease	0.79	0.49		intron_variant	A/C
1.0	BST1	4	rs12651314	C0030567	2021	2021	0		1		0.4	15751947	683	1		0	0.328512	Parkinson Disease	1.0	1.0		intron_variant	C/T
1.0		12	rs138895122	C0030567	2021	2021	0		1		0.4	33075690		1		0	0.00445696	Parkinson Disease	1.0	1.0		intergenic_variant	C/T
1.0		12	rs144029582	C0030567	2021	2021	0		1		0.4	41754811		1		0	0.0095093	Parkinson Disease	1.0	1.0		intergenic_variant	G/A
1.0	LINC02451	12	rs148294058	C0030567	2016	2016	0		1		0.4	42655580	105369738	1		0	0.0137944, 0.00431555, 6.57358E-6	Parkinson Disease	1.0	1.0		intron_variant	G/A,C,T
1.0	CYP17A1-AS1,CYP17A1	10	rs17115100	C0030567	2009	2009	0		1	0.107661	0.4	102831636	102724307;1586	4		0	0.10633	Parkinson Disease	0.82	0.49		3_prime_UTR_variant	G/T
1.0	FCGR2B	1	rs17411858	C0030567	2024	2024	0		1		0.4	161647726	2213	1		0	0.105297	Parkinson Disease	1.0	1.0		intron_variant	A/G
1.0	LINC02555	12	rs17442721	C0030567	2024	2024	0		1		0.4	40141971	101930164	1		0	0.0130737, -1.0	Parkinson Disease	0.89	0.78		non_coding_transcript_exon_variant	C/G,T
1.0	LOC105377374	4	rs17483653	C0030567	2021	2021	0		1		0.4	113422713	105377374	1		0	0.0825202	Parkinson Disease	1.0	1.0		intron_variant	C/A
1.0		17	rs17686238	C0030567	2019	2019	0		1		0.4	45339907		1		0	0.00529912, 0.0699962	Parkinson Disease	1.0	1.0		upstream_gene_variant	G/A,T
1.0	FYN	6	rs1887316	C0030567	2020	2020	0		1		0.4	111830249	2534	1		0	0.188994	Parkinson Disease	1.0	1.0		intron_variant	G/A
1.0	MIPOL1	14	rs1956438	C0030567	2024	2024	0		1		0.4	37539010	145282	1		0	0.606854, -1.0	Parkinson Disease	0.82	0.65		non_coding_transcript_exon_variant	G/A,C
1.0	SH3GL2	9	rs2209440	C0030567	2016	2016	0		1		0.4	17736344	6456	1		0	1.97644E-5, 0.461684	Parkinson Disease	1.0	1.0		intron_variant	T/A,G
1.0	MED12L	3	rs2276765	C0030567	2021	2021	0		1	-1.0, 0.348091	0.4	151413434	116931	1		0	-1.0, 0.286327	Parkinson Disease	1.0	1.0		intron_variant	A/C,G
1.0	PAM	5	rs10463554	C0030567	2017	2017	0		1		0.4	102983270	5066	1		0	-1.0, 0.335245, -1.0	Parkinson Disease	1.0	1.0		intron_variant	T/A,C,G
1.0	CCDC62	12	rs11060112	C0030567	2021	2021	0		1		0.4	122807956	84660	2		0	0.190321, 6.57549E-6, -1.0	Parkinson Disease	1.0	1.0		intron_variant	A/C,G,T
1.0	SETD1A	16	rs11150601	C0030567	2019	2019	0		1	0.613531, -1.0, -1.0	0.4	30966478	9739	1		0	0.528057, 6.57955E-6, -1.0	Parkinson Disease	1.0	1.0		intron_variant	G/A,C,T
1.0	KPNA3	13	rs1127021	C0030567	2024	2024	0	0.0	1	-1.0, 0.875904	0.4	49721979	3839	1	0.0	0	-1.0, 0.845178	Parkinson Disease	1.0	1.0		synonymous_variant	C/G,T
1.0		4	rs114762839	C0030567	2024	2024	0		1		0.4	89447394		1		0	0.0180645	Parkinson Disease	1.0	1.0		intron_variant	G/A
1.0		13	rs117239007	C0030567	2023	2023	0		1		0.4	29975879		1		0	0.00964969	Parkinson Disease	1.0	1.0		intergenic_variant	T/C
1.0	PCGF3,LOC107986246	4	rs11729193	C0030567	2024	2024	0		1		0.4	740563	10336;107986246	1		0	-1.0, 0.442804, -1.0	Parkinson Disease	1.0	1.0		intron_variant	A/C,G,T
1.0		17	rs117672332	C0030567	2021	2021	0		1		0.4	3702823		1		0	0.0110493	Parkinson Disease	1.0	1.0		intergenic_variant	T/C
1.0	PDLIM2	8	rs11783129	C0030567	2024	2024	0		1	0.339552, -1.0	0.4	22595913	64236	1		0	0.294019, -1.0	Parkinson Disease	0.93	0.78		3_prime_UTR_variant	G/A,C
1.0	PRSS53,ZNF646	16	rs11865038	C0030567	2012	2012	0		1	0.399345	0.4	31083850	339105;9726	1		0	0.452151	Parkinson Disease	0.89	0.56		3_prime_UTR_variant	C/T
1.0		5	rs11950533	C0030567	2019	2019	0		1	0.124161, -1.0	0.4	134863415		1		0	0.109908, 1.97329E-5	Parkinson Disease	1.0	1.0		non_coding_transcript_exon_variant	C/A,T
1.0		1	rs12063142	C0030567	2010	2010	0		1		0.4	18813023		1		0	0.280298	Parkinson Disease	1.0	1.0		intergenic_variant	C/T
1.0	DLG2	11	rs12283611	C0030567	2019	2019	0		1		0.4	83776234	1740	1		0	0.442255	Parkinson Disease	1.0	1.0		intron_variant	C/A
1.0		2	rs13016703	C0030567	2016	2016	0		1		0.4	168299085		1		0	0.177705	Parkinson Disease	1.0	1.0		intergenic_variant	T/G
1.0	BALR6,LOC124909351	3	rs13078687	C0030567	2021	2021	0		1		0.4	18181950	339862;124909351	1		0	0.0879236, 6.578E-6	Parkinson Disease	1.0	1.0		intron_variant	G/A,C
1.0	LOC105372063	18	rs1362858	C0030567	2016	2016	0		1		0.4	35406636	105372063	1		0	0.707377, -1.0	Parkinson Disease	0.93	1.0		upstream_gene_variant	C/A,G
1.0	WDR41	5	rs137887044	C0030567	2021	2021	0		1		0.4	77616673	55255	1		0	0.00314639	Parkinson Disease	1.0	1.0		intron_variant	C/T
1.0		12	rs138017112	C0030567	2019	2019	0		1		0.4	41901977		1		0	0.00853381	Parkinson Disease	1.0	1.0		intron_variant	G/C
1.0	LOC124906309,MCCC1	3	rs140278703	C0030567	2021	2021	0		1		0.4	183034255	124906309;56922	1		0	0.0665987	Parkinson Disease	1.0	1.0		intron_variant	C/T
1.0	PKP2	12	rs148163066	C0030567	2024	2024	0		1		0.4	32826971	5318	1		0	1.31382E-5, 0.0065837, -1.0	Parkinson Disease	1.0	1.0		intron_variant	A/C,G,T
1.0	SH3GL2	9	rs1536076	C0030567	2012	2012	0		1		0.4	17731923	6456	1		0	0.197864	Parkinson Disease	1.0	1.0		intron_variant	T/G
1.0	PARP9,LOC105374071	3	rs16833168	C0030567	2024	2024	0		1	-1.0, -1.0, 0.138056	0.4	122535800	83666;105374071	1		0	-1.0, -1.0, 0.141802	Parkinson Disease	1.0	1.0		3_prime_UTR_variant	C/A,G,T
1.0	LOC101927745	21	rs1736020	C0030567	2024	2024	0		1		0.4	15440233	101927745	4		0	0.328079, -1.0	Parkinson Disease	0.84	0.49		intron_variant	C/A,G
1.0	LRRK2	12	rs17443414	C0030567	2024	2024	0		1		0.4	40250950	120892	1		0	0.0581827	Parkinson Disease	1.0	1.0		intron_variant	A/G
1.0		12	rs181609621	C0030567	2019	2019	0		1		0.4	32657825		1		0	0.00582862	Parkinson Disease	1.0	1.0		regulatory_region_variant	A/C
1.0		3	rs181870458	C0030567	2021	2021	0		1		0.4	145333493		1		0	0.01787, -1.0	Parkinson Disease	1.0	1.0		upstream_gene_variant	G/A,C
1.0		11	rs189775425	C0030567	2024	2024	0		1		0.4	37312016		1		0	-1.0, 5.01088E-4	Parkinson Disease	1.0	1.0		intergenic_variant	C/A,T
1.0	LOC105379042,SV2C	5	rs246814	C0030567	2020	2020	0		1		0.4	76303383	105379042;22987	1		0	0.0961549	Parkinson Disease	1.0	1.0		intron_variant	C/T
1.0	LOC105379042,SV2C	5	rs246815	C0030567	2024	2024	0		1		0.4	76303351	105379042;22987	1		0	0.0961799	Parkinson Disease	1.0	1.0		intron_variant	G/C
1.0		20	rs8118008	C0030567	2014	2014	0		1		0.4	3187520		1		0	-1.0, 0.358198, -1.0	Parkinson Disease	1.0	1.0		intron_variant	A/C,G,T
1.0	LOC105369171,PRKN	6	rs9356013	C0030567	2019	2019	0		1		0.4	162403694	105369171;5071	1		0	0.069323	Parkinson Disease	1.0	1.0		intron_variant	C/A
1.0		6	rs9393826	C0030567	2024	2024	0		1		0.4	27584991		1		0	0.872727	Parkinson Disease	0.69	0.3		intergenic_variant	C/A
1.0	LOC124901291,LINC01012	6	rs9468195	C0030567	2021	2021	0		1	0.222222, -1.0	0.4	27708530	124901291;100507173	1		0	0.288024, -1.0	Parkinson Disease	0.67	0.18		non_coding_transcript_exon_variant	A/G,T
1.0		15	rs9783733	C0030567	2021	2021	0		1		0.4	23923803		1		0	0.11637	Parkinson Disease	1.0	1.0		intron_variant	C/T
1.0		2	rs9917256	C0030567	2024	2024	0		1		0.4	168286525		2		0	0.136347, -1.0	Parkinson Disease	1.0	1.0		intergenic_variant	G/A,T
1.0	NOD2	16	rs34133110	C0030567	2024	2024	0		1	0.347011	0.4	50710008	64127	1		0	0.325276	Parkinson Disease	1.0	1.0		non_coding_transcript_exon_variant	C/T
1.0	GAK	4	rs35541465	C0030567	2016	2016	0		1		0.4	879499	2580	1		0		Parkinson Disease	1.0	1.0		intron_variant	TACT/-,TACTTACT
1.0		13	rs368657122	C0030567	2024	2024	0		1		0.4	36532864		1		0	8.5359E-5	Parkinson Disease	1.0	1.0		intergenic_variant	G/A
1.0	MUC1	1	rs4072037	C0030567	2023	2023	0	0.0	1	6.84228E-7, 1.36846E-6, 0.551789	0.4	155192276	4582	4	0.0	0	1.31759E-5, -1.0, 0.585636	Parkinson Disease	0.67	0.27		synonymous_variant	C/A,G,T
1.0	SLC18B1	6	rs41286192	C0030567	2024	2024	0	0.05	1	0.0331224	0.4	132797077	116843	1	0.514	0	0.030476	Parkinson Disease	1.0	1.0		missense_variant	A/G
1.0	RTL9	X	rs41306249	C0030567	2021	2021	0	0.0	1	0.0382068	0.4	110454215	57529	2	0.783	0		Parkinson Disease	1.0	1.0		missense_variant	T/C
1.0	MAD1L1,LOC105375127	7	rs4721411	C0030567	2023	2023	0		1		0.4	2113436	8379;105375127	1		0	-1.0, 0.318015	Parkinson Disease	0.89	0.78		intron_variant	C/G,T
1.0	COMMD1	2	rs528521148	C0030567	2024	2024	0		1		0.4	62072723	150684	1		0	1.37871E-4	Parkinson Disease	1.0	1.0		intron_variant	C/T
1.0	BST1	4	rs6449168	C0030567	2020	2020	0		1		0.4	15726090	683	1		0	-1.0, 0.386412	Parkinson Disease	1.0	1.0		intron_variant	C/G,T
1.0	LOC102723321	1	rs6593808	C0030567	2023	2023	0		1		0.4	147747118	102723321	1		0	0.162809, -1.0	Parkinson Disease	1.0	1.0		intron_variant	G/A,T
1.0	MLX	17	rs665268	C0030567	2024	2024	0	0.04	1	-1.0, 0.288128, -1.0	0.4	42570011	6945	3	0.988	0	-1.0, 0.25291, -1.0	Parkinson Disease	0.84	0.43		missense_variant	A/C,G,T
1.0	SLC41A1	1	rs708726	C0030567	2023	2023	0		1		0.4	205793011	254428	2		0	-1.0, -1.0, 0.621941	Parkinson Disease	1.0	1.0		intron_variant	T/A,C,G
1.0	CCDC82	11	rs7118648	C0030567	2013	2013	0		1		0.4	96375264	79780	1		0	0.0735632, 1.57617E-4	Parkinson Disease	1.0	1.0		intron_variant	T/C,G
1.0	ARHGEF2	1	rs71628699	C0030567	2023	2023	0		1		0.4	155974835	9181	1		0	0.0703631, 7.65626E-6	Parkinson Disease	1.0	1.0		intron_variant	G/A,C
1.0		3	rs73038319	C0030567	2019	2019	0		1		0.4	18320267		1		0	0.026394	Parkinson Disease	1.0	1.0		intron_variant	A/C
1.0	PLPPR1	9	rs73656147	C0030567	2018	2018	0		1		0.4	101115169	54886	1		0	0.0700689	Parkinson Disease	1.0	1.0		intron_variant	A/G
1.0		1	rs7367207	C0030567	2023	2023	0		1		0.4	155107001		1		0	-1.0, -1.0, 0.443761	Parkinson Disease	1.0	1.0		intergenic_variant	C/A,G,T
1.0	PIK3CA	3	rs7636454	C0030567	2024	2024	0		1		0.4	179225280	5290	1		0	0.239069, -1.0	Parkinson Disease	1.0	1.0		intron_variant	A/G,T
1.0	CRLS1	20	rs77351827	C0030567	2019	2019	0		1		0.4	6025395	54675	1		0	0.0836728	Parkinson Disease	1.0	1.0		intron_variant	C/T
1.0	PGS1	17	rs77483524	C0030567	2024	2024	0		1		0.4	78408199	9489	1		0	0.0833125	Parkinson Disease	1.0	1.0		intron_variant	A/G
1.0		12	rs77669894	C0030567	2021	2021	0		1		0.4	32089513		1		0	0.012139	Parkinson Disease	1.0	1.0		intron_variant	G/A
1.0		16	rs10221156	C0030567	2019	2019	0		1	0.0888713	0.4	52935514		1		0	0.0702031	Parkinson Disease	1.0	1.0		non_coding_transcript_exon_variant	G/A
1.0		9	rs10746953	C0030567	2016	2016	0		1		0.4	74302924		1		0	-1.0, -1.0, 0.442682	Parkinson Disease	0.93	1.0		intron_variant	C/A,G,T
1.0	SLC2A13	12	rs10877840	C0030567	2012	2012	0		1		0.4	39959194	114134	1		0	0.194225	Parkinson Disease	1.0	1.0		intron_variant	T/C
1.0	LOC105379297	8	rs11203810	C0030567	2021	2021	0		1		0.4	16854852	105379297	1		0	6.61262E-6, 0.268795	Parkinson Disease	1.0	1.0		intron_variant	G/C,T
1.0		16	rs113487377	C0030567	2024	2024	0		1		0.4	52922415		1		0	0.0630863	Parkinson Disease	1.0	1.0		intergenic_variant	A/G
1.0	NGEF	2	rs113732002	C0030567	2021	2021	0		1		0.4	232982170	25791	1		0	0.0572436	Parkinson Disease	1.0	1.0		intron_variant	A/C
1.0	TRIM46	1	rs114525519	C0030567	2023	2023	0		1		0.4	155179361	80128	1		0	0.0174904	Parkinson Disease	1.0	1.0		intron_variant	G/T
1.0	POU5F1P4,ASH1L	1	rs116540837	C0030567	2023	2023	0		1		0.4	155432750	645682;55870	1		0	6.56978E-6, 0.0225366	Parkinson Disease	1.0	1.0		intron_variant	T/C,G
1.0	DYRK1A	21	rs11701722	C0030567	2021	2021	0		1		0.4	37398228	1859	1		0	-1.0, 0.275887	Parkinson Disease	1.0	1.0		intron_variant	T/A,C
1.0	LINC02210-CRHR1	17	rs117615688	C0030567	2019	2019	0		1		0.4	45720942	104909134	5		0	0.0443105	Parkinson Disease	0.89	0.78		intergenic_variant	G/A
1.0	CC2D2A,LOC124900671	4	rs11941559	C0030567	2024	2024	0		1	0.109524	0.4	15564251	57545;124900671	2		0	0.142205	Parkinson Disease	1.0	1.0		non_coding_transcript_exon_variant	G/C
1.0	KCNN3	1	rs1218566	C0030567	2023	2023	0		1		0.4	154845097	3782	1		0	-1.0, 0.646342	Parkinson Disease	0.93	0.65		intron_variant	T/A,C
1.0	PLPP4	10	rs12771445	C0030567	2022	2022	0		1		0.4	120558635	196051	1		0	0.257383	Parkinson Disease	1.0	1.0		intron_variant	C/T
1.0	STX1B	16	rs140820592	C0030567	2021	2021	0		1	0.381388	0.4	31010559	112755	1		0	0.435818	Parkinson Disease	0.86	0.56		5_prime_UTR_variant	G/T
1.0	MUC19	12	rs141128804	C0030567	2019	2019	0		1	0.0111443	0.4	40542837	283463	1		0	0.00868977	Parkinson Disease	1.0	1.0		intron_variant	C/T
1.0	SNCAIP,MGC32805	5	rs144492699	C0030567	2011	2011	0	0.05	1	6.11566E-4	0.4	122450664	9627;153163	1	0.45	0	4.00694E-4	Parkinson Disease	1.0	1.0		missense_variant	G/A
1.0	SNCA	4	rs144758871	C0030567	2014	2014	0	0.0	1	1.53227E-4	0.4	89822336	6622	1	0.0	0	2.10269E-4	Parkinson Disease	1.0	1.0		synonymous_variant	C/T
1.0		2	rs145533835	C0030567	2024	2024	0		1		0.4	124952741		1		0	0.00195648	Parkinson Disease	1.0	1.0		intergenic_variant	T/A
1.0	DCST1	1	rs146143531	C0030567	2024	2024	0		1		0.4	155042492	149095	1		0	0.00579548	Parkinson Disease	1.0	1.0		intron_variant	T/G
1.0	NDUFAF2	5	rs162227	C0030567	2016	2016	0		1		0.4	60964716	91942	1		0	1.97348E-5, 0.8731	Parkinson Disease	1.0	1.0		intron_variant	C/G,T
1.0	ITPKB,ITPKB-IT1	1	rs16846351	C0030567	2020	2020	0		1		0.4	226659011	3707;100506443	1		0	0.016032, 6.56996E-6	Parkinson Disease	1.0	1.0		intron_variant	C/G,T
1.0	LOC105378347,COL13A1	10	rs17497526	C0030567	2013	2013	0		1		0.4	69820364	105378347;1305	1		0	0.0609839	Parkinson Disease	1.0	1.0		intron_variant	T/C
1.0	ZNF165	6	rs17767294	C0030567	2017	2017	0		1	0.0778938, -1.0	0.4	28086420	7718	1		0	0.085177, -1.0	Parkinson Disease	0.67	0.21		intron_variant	A/G,T
1.0	SETD1A	16	rs1870293	C0030567	2024	2024	0		1		0.4	30959620	9739	6		0	-1.0, 0.62034, -1.0	Parkinson Disease	0.82	0.56		intron_variant	T/A,C,G
1.0	LOC442028	2	rs187989831	C0030567	2021	2021	0		1		0.4	94894760	442028	1		0	0.013849	Parkinson Disease	1.0	1.0		intron_variant	G/C
1.0	LRRC37A2,WNT3	17	rs199501	C0030567	2021	2021	0		1		0.4	46785247	474170;7473	1		0	0.638863	Parkinson Disease	0.93	1.0		intron_variant	A/G
1.0	KCNIP3	2	rs2042477	C0030567	2019	2019	0		1		0.4	95335195	30818	1		0	-1.0, 0.774537	Parkinson Disease	1.0	1.0		intron_variant	A/G,T
1.0	UBTF	17	rs2269906	C0030567	2019	2019	0		1		0.4	44216969	7343	2		0	0.511936	Parkinson Disease	0.86	0.56		intron_variant	A/C
1.0	CACNA1B	9	rs2278973	C0030567	2021	2021	0	1.0	1	2.32728E-5, 0.901388	0.4	138121810	774	1	0.0	0	3.28399E-5, 0.917413	Parkinson Disease	1.0	1.0		missense_variant	T/A,G
1.0	GBF1	10	rs2296887	C0030567	2017	2017	0		1	0.195122	0.4	102245653	8729	1		0	0.119734	Parkinson Disease	1.0	1.0		5_prime_UTR_variant	T/C
1.0	ZNF322	6	rs2451713	C0030567	2023	2023	0		1		0.4	26660427	79692	1		0	0.0150809	Parkinson Disease	1.0	1.0		upstream_gene_variant	G/C
1.0	WDHD1	14	rs8018800	C0030567	2024	2024	0		1		0.4	54986588	11169	1		0	0.425999	Parkinson Disease	0.93	1.0		intron_variant	A/G
1.0		18	rs8087969	C0030567	2019	2019	0		1		0.4	51157219		1		0	1.18396E-4, 0.359375	Parkinson Disease	1.0	1.0		downstream_gene_variant	T/A,G
1.0	TMEM175,GAK	4	rs873786	C0030567	2019	2019	0		1		0.4	931588	84286;2580	1		0	0.0659812	Parkinson Disease	1.0	1.0		intron_variant	C/T
1.0		6	rs9461359	C0030567	2024	2024	0		1		0.4	27331788		1		0	0.187442	Parkinson Disease	0.82	0.56		intergenic_variant	T/C
1.0	NDUFAF2	5	rs2694528	C0030567	2017	2017	0		1		0.4	60978096	91942	1		0	0.873235, -1.0, -1.0	Parkinson Disease	1.0	1.0		intron_variant	C/A,G,T
1.0		1	rs2764407	C0030567	2023	2023	0		1		0.4	156364040		1		0	0.794547	Parkinson Disease	1.0	1.0		intron_variant	G/A
1.0	USP50,USP8	15	rs28648524	C0030567	2024	2024	0		1		0.4	50495212	373509;9101	1		0	-1.0, 0.221624	Parkinson Disease	1.0	1.0		intron_variant	A/C,T
1.0	LRRK2	12	rs28903073	C0030567	2016	2016	0		1	0.00319513	0.4	40259708	120892	1		0	0.00243646	Parkinson Disease	1.0	1.0		intron_variant	G/A
1.0	CD19	16	rs2904880	C0030567	2019	2019	0	0.25	1	0.697006	0.4	28933075	930	3	0.0	0	0.763534	Parkinson Disease	0.84	0.38		missense_variant	C/G
1.0	CASC16	16	rs3104783	C0030567	2019	2019	0		1		0.4	52602330	643714	1		0	0.479059, -1.0, 3.29082E-5	Parkinson Disease	0.8	0.56		intron_variant	C/A,G,T
1.0	LOC105379297	8	rs34096562	C0030567	2024	2024	0		1		0.4	16843772	105379297	1		0	-1.0, 0.2549	Parkinson Disease	1.0	1.0		intron_variant	T/C,G
1.0	LRRC37A2	17	rs34724124	C0030567	2024	2024	0		1		0.4	46825150	474170	1		0	0.434452, -1.0, -1.0	Parkinson Disease	0.93	0.78		intron_variant	G/A,C,T
1.0		17	rs36082764	C0030567	2023	2023	0		1		0.4	72334038		1		0	0.421242	Parkinson Disease	1.0	1.0		intron_variant	C/T
1.0	RPS6KL1	14	rs3742785	C0030567	2019	2019	0		1	0.263264	0.4	74906331	83694	1		0	0.328301	Parkinson Disease	1.0	1.0		3_prime_UTR_variant	A/C
1.0	SNCA	4	rs3775458	C0030567	2021	2021	0		1		0.4	89818097	6622	1		0	0.0934198	Parkinson Disease	1.0	1.0		intron_variant	T/C
1.0		2	rs4073509	C0030567	2023	2023	0		1		0.4	191746287		1		0	0.0378644	Parkinson Disease	1.0	1.0		upstream_gene_variant	T/C
1.0	SEMA4A	1	rs41265017	C0030567	2023	2023	0	0.08	1	0.0406737	0.4	156176849	64218	3	0.023	0	0.0325342	Parkinson Disease	0.89	0.65		missense_variant	G/A
1.0		19	rs4802739	C0030567	2021	2021	0		1		0.4	50760039		1		0	0.572798, 6.59144E-6	Parkinson Disease	1.0	1.0		upstream_gene_variant	C/A,T
1.0	MROH3P	1	rs4915466	C0030567	2021	2021	0		1		0.4	200936379	647215	1		0	-1.0, 0.267502	Parkinson Disease	1.0	1.0		intron_variant	C/G,T
1.0	FMNL1-DT	17	rs62066707	C0030567	2024	2024	0		1		0.4	45196625	339192	1		0	0.233097	Parkinson Disease	1.0	1.0		intron_variant	T/A
1.0	SYT17,LOC105371114	16	rs6497339	C0030567	2019	2019	0		1		0.4	19266171	51760;105371114	3		0	-1.0, 0.622045	Parkinson Disease	1.0	1.0		intron_variant	A/G,T
1.0	DLG2	11	rs6592142	C0030567	2024	2024	0		1		0.4	83798730	1740	1		0	0.477839	Parkinson Disease	1.0	1.0		intron_variant	C/T
1.0	RIT1	1	rs670523	C0030567	2023	2023	0		1		0.4	155908941	6016	4		0	0.479871, -1.0	Parkinson Disease	0.89	0.78		intron_variant	A/G,T
1.0	MED12L	3	rs6803771	C0030567	2024	2024	0		1		0.4	151395180	116931	1		0	0.298846	Parkinson Disease	1.0	1.0		intron_variant	C/A
1.0	LAMP3	3	rs71314284	C0030567	2024	2024	0		1		0.4	183160467	27074	1		0	0.0787103	Parkinson Disease	1.0	1.0		intron_variant	C/T
1.0	LDLRAD4	18	rs73415968	C0030567	2024	2024	0		1		0.4	13651014	753	1		0	3.28351E-5	Parkinson Disease	1.0	1.0		3_prime_UTR_variant	G/A
1.0	CLCN3	4	rs7434295	C0030567	2024	2024	0		1	-1.0, -1.0, 0.5	0.4	169642795	1182	1		0	-1.0, -1.0, 0.661722	Parkinson Disease	1.0	1.0		non_coding_transcript_exon_variant	C/A,G,T
1.0	LCORL	4	rs7673321	C0030567	2024	2024	0		1		0.4	17956065	254251	3		0	0.162387	Parkinson Disease	0.93	0.78		intron_variant	T/A
1.0		6	rs7752646	C0030567	2022	2022	0		1		0.4	74737372		2		0	0.128164	Parkinson Disease	1.0	1.0		intron_variant	T/G
1.0	BBS9	7	rs78294974	C0030567	2023	2023	0		1		0.4	33144410	27241	2		0	0.0153	Parkinson Disease	0.93	0.78		intron_variant	C/A
1.0	PITPNM2	12	rs78299420	C0030567	2024	2024	0		1		0.4	123086549	57605	1		0	0.0185798	Parkinson Disease	1.0	1.0		intron_variant	C/T
1.0	MMRN1	4	rs79214011	C0030567	2024	2024	0		1		0.4	89938128	22915	1		0	0.0296587	Parkinson Disease	1.0	1.0		intron_variant	G/A
1.0	PARP9,LOC105374071	3	rs55740225	C0030567	2021	2021	0		1		0.4	122549781	83666;105374071	1		0	0.143971	Parkinson Disease	1.0	1.0		intron_variant	T/C
1.0		5	rs5870994	C0030567	2021	2021	0		1		0.4	122193659		1		0		Parkinson Disease	1.0	1.0		intergenic_variant	TT/-
1.0	CCDC85A	2	rs59330234	C0030567	2024	2024	0		1		0.4	56375408	114800	1		0	0.146778	Parkinson Disease	1.0	1.0		intron_variant	A/C
	VPS35	16	rs886052006	C0030567			0		0		0.4	46660192	55737	1		0		Parkinson Disease	1.0	1.0		3_prime_UTR_variant	-/GTTT
	VPS35	16	rs886052012	C0030567			0		0		0.4	46660214	55737	1		0		Parkinson Disease	1.0	1.0		3_prime_UTR_variant	C/-
	LOC124900602,SNCA	4	rs886059711	C0030567			0		0		0.4	89724127	124900602;6622	1		0	6.57358E-5	Parkinson Disease	1.0	1.0		3_prime_UTR_variant	G/T
	LOC124900602,SNCA	4	rs886059718	C0030567			0		0		0.4	89725317	124900602;6622	1		0		Parkinson Disease	1.0	1.0		3_prime_UTR_variant	-/AAA,AAAA,AAAAA,AAAAAA,AAAAAAA
	LOC124900602,SNCA	4	rs886059724	C0030567			0		0		0.4	89725551	124900602;6622	1		0		Parkinson Disease	1.0	1.0		3_prime_UTR_variant	A/-
	LOC124900602,SNCA	4	rs886059726	C0030567			0		0		0.4	89726163	124900602;6622	1		0		Parkinson Disease	1.0	1.0		3_prime_UTR_variant	T/A
	SNCA	4	rs750899874	C0030567			0	0.06	0	1.6531E-5	0.4	89729202	6622	3	0.998	0		Parkinson Disease	0.89	0.78		missense_variant	G/T
	SNCA-AS1,SNCA	4	rs757451373	C0030567			0		0	0.00164474, -1.0	0.4	89837155	644248;6622	1		0	0.00174015, 6.57168E-6	Parkinson Disease	1.0	1.0		5_prime_UTR_variant	C/G,T
	FBXO7	22	rs757675819	C0030567			0		0	9.04711E-5, -1.0	0.4	32498831	25793	1		0	5.2561E-5, -1.0	Parkinson Disease	1.0	1.0		downstream_gene_variant	A/G,T
	SNCAIP	5	rs771056040	C0030567			0	0.07	0	3.00988E-5	0.4	122423446	9627	1	0.99	0	1.32245E-5	Parkinson Disease	1.0	1.0		missense_variant	G/A
	SNCAIP,MGC32805	5	rs374278026	C0030567			0		0	1.23186E-5	0.4	122440626	9627;153163	1		0	4.59927E-5	Parkinson Disease	1.0	1.0		splice_region_variant	T/C
	SNCAIP	5	rs374522874	C0030567			0	0.08	0	1.93619E-4	0.4	122423425	9627	1	0.979	0	4.69572E-5	Parkinson Disease	1.0	1.0		missense_variant	A/G
	SNCAIP	5	rs375818767	C0030567			0		0	1.80275E-4	0.4	122391083	9627	1		0	2.03703E-4	Parkinson Disease	1.0	1.0		splice_region_variant	G/A
	LOC124900602,SNCA	4	rs397994464	C0030567			0		0		0.4	89725319	124900602;6622	1		0		Parkinson Disease	1.0	1.0		3_prime_UTR_variant	AAAAAAA/-,A,AA,AAAAA,AAAAAA,AAAAAAAA,AAAAAAAAA,AAAAAAAAAA,AAAAAAAAAAA,AAAAAAAAAAAA,AAAAAAAAAAAAA,AAAAAAAAAAAAAA,AAAAAAAAAAAAAAA,AAAAAAAAAAAAAAAA,AAAAAAAAAAAAAAAAA,AAAAAAAAAAAAAAAAAAAA,AAAAAAAAAAAAAAAAAAAAA,AAAAAAAAAAAAAAAAAAAAAA,AAAAAAAAAAAAAAAAAAAAAAA,AAAAAAAAAAAAAAAAAAAAAAAA,AAAAAAAAAAAAAAAAAAAAAAAAA,AAAAAAAAAAAAAAAAAAAAAAAAAA,AAAAAAAAAAAAAAAAAAAAAAAAAAA,AAAAAAAAAAAAAAAAAAAAAAAAAAAA,AAAAAAAAAAAAAAAAAAAAAAAAAAAAA,AAAAAAAAAAAAAAAAAAAAAAAAAAAAAA
	LOC124900602,SNCA	4	rs527798413	C0030567			0		0		0.4	89725339	124900602;6622	1		0	0.00250211	Parkinson Disease	1.0	1.0		3_prime_UTR_variant	A/G
	SNCAIP,MGC32805,LOC107986446	5	rs536163171	C0030567			0		0	0.00217691	0.4	122463783	9627;153163;107986446	1		0	0.00135998	Parkinson Disease	1.0	1.0		3_prime_UTR_variant	G/A
	SNCA-AS1,SNCA	4	rs548276692	C0030567			0		0		0.4	89836955	644248;6622	1		0	-1.0, 0.00107034	Parkinson Disease	1.0	1.0		splice_region_variant	C/A,T
	SNCAIP	5	rs574376579	C0030567			0		0	2.62709E-5	0.4	122423746	9627	1		0	4.59462E-5	Parkinson Disease	1.0	1.0		splice_region_variant	A/G
	VPS35	16	rs575317929	C0030567			0		0		0.4	46660193	55737	1		0		Parkinson Disease	1.0	1.0		3_prime_UTR_variant	-/GTT
	NR4A2	2	rs577936871	C0030567			0		0		0.4	156325083	4929	1		0		Parkinson Disease	1.0	1.0		3_prime_UTR_variant	ATT/-
	SNCAIP,MGC32805	5	rs1334883855	C0030567			0	0.0	0	5.47309E-5, -1.0	0.4	122451465	9627;153163	1	0.999	0	1.31479E-5, -1.0	Parkinson Disease	1.0	1.0		missense_variant	G/A,T
	LOC124900602,SNCA	4	rs150645039	C0030567			0		0		0.4	89725776	124900602;6622	1		0	0.00126117, 2.62943E-5	Parkinson Disease	1.0	1.0		3_prime_UTR_variant	C/A,T
	LOC124900602,SNCA	4	rs1724880624	C0030567			0		0		0.4	89726124	124900602;6622	1		0		Parkinson Disease	1.0	1.0		3_prime_UTR_variant	A/G
	LOC124900602,SNCA	4	rs1724920607	C0030567			0		0		0.4	89726514	124900602;6622	1		0		Parkinson Disease	1.0	1.0		3_prime_UTR_variant	G/C,T
	SNCAIP	5	rs1776845244	C0030567			0		0		0.4	122423741	9627	1		0		Parkinson Disease	1.0	1.0		splice_donor_variant	T/C
	SNCAIP,MGC32805	5	rs1783693013	C0030567			0	1.0	0		0.4	122451576	9627;153163	1	0.455	0		Parkinson Disease	1.0	1.0		missense_variant	C/A
	LOC124900602,SNCA	4	rs561717303	C0030567			0		0		0.4	89724735	124900602;6622	1		0	6.56538E-5	Parkinson Disease	1.0	1.0		3_prime_UTR_variant	A/G
	LOC124900602,SNCA	4	rs532025477	C0030567			0		0		0.4	89725581	124900602;6622	1		0	7.778E-4	Parkinson Disease	1.0	1.0		3_prime_UTR_variant	A/C
	LOC124900602,SNCA	4	rs867272212	C0030567			0		0		0.4	89725336	124900602;6622	1		0		Parkinson Disease	1.0	1.0		3_prime_UTR_variant	G/A
	VPS35	16	rs886052007	C0030567			0		0		0.4	46660194	55737	1		0		Parkinson Disease	1.0	1.0		3_prime_UTR_variant	-/GT
	VPS35	16	rs886052008	C0030567			0		0		0.4	46660195	55737	1		0		Parkinson Disease	1.0	1.0		3_prime_UTR_variant	-/GTT
	VPS35	16	rs886052011	C0030567			0		0		0.4	46660211	55737	1		0		Parkinson Disease	1.0	1.0		3_prime_UTR_variant	-/TA
	FBXO7	22	rs886057416	C0030567			0		0	-1.0, 4.63186E-5	0.4	32474806	25793	1		0	-1.0, 1.97233E-5	Parkinson Disease	1.0	1.0		5_prime_UTR_variant	C/A,T
	LOC124900602,SNCA	4	rs886059713	C0030567			0		0		0.4	89724359	124900602;6622	1		0	6.57384E-6	Parkinson Disease	1.0	1.0		3_prime_UTR_variant	G/A
	LOC124900602,SNCA	4	rs886059714	C0030567			0		0		0.4	89724926	124900602;6622	1		0	5.91234E-5	Parkinson Disease	1.0	1.0		3_prime_UTR_variant	C/T
	LOC124900602,SNCA	4	rs886059717	C0030567			0		0		0.4	89725317	124900602;6622	1		0		Parkinson Disease	1.0	1.0		3_prime_UTR_variant	G/-
	SNCAIP	5	rs886059824	C0030567			0		0		0.4	122312287	9627	1		0		Parkinson Disease	1.0	1.0		splice_donor_region_variant	G/A
	SNCAIP	5	rs886059825	C0030567			0	0.0	0	2.73631E-6	0.4	122423166	9627	1	0.0	0		Parkinson Disease	1.0	1.0		synonymous_variant	G/A
	LOC124900602,SNCA	4	rs924716962	C0030567			0		0		0.4	89724232	124900602;6622	1		0	1.31465E-5	Parkinson Disease	1.0	1.0		3_prime_UTR_variant	C/T
	LOC124900602,SNCA	4	rs925720552	C0030567			0		0		0.4	89725705	124900602;6622	1		0	6.58016E-6, 3.29008E-5	Parkinson Disease	1.0	1.0		3_prime_UTR_variant	T/A,C
	SNCA-AS1,SNCA	4	rs926228768	C0030567			0		0		0.4	89837051	644248;6622	1		0	-1.0, 1.51198E-4	Parkinson Disease	1.0	1.0		5_prime_UTR_variant	G/A,C
	LOC124900602,SNCA	4	rs748631342	C0030567			0		0	-1.0, 1.90878E-5	0.4	89726516	124900602;6622	1		0	-1.0, 2.62871E-5	Parkinson Disease	1.0	1.0		3_prime_UTR_variant	T/A,C
	SNCAIP,MGC32805	5	rs751412863	C0030567			0	0.04	0	5.26879E-5	0.4	122451557	9627;153163	1	0.99	0	3.94166E-5	Parkinson Disease	1.0	1.0		missense_variant	A/G
	SNCAIP	5	rs762576870	C0030567			0		0	1.3747E-6, 1.3747E-6	0.4	122391122	9627	1		0		Parkinson Disease	1.0	1.0		5_prime_UTR_variant	G/A,T
	SNCA-AS1,SNCA	4	rs767878442	C0030567			0		0		0.4	89837187	644248;6622	1		0	1.4471E-4	Parkinson Disease	1.0	1.0		5_prime_UTR_variant	T/G
	SNCAIP	5	rs1393526827	C0030567			0	0.22	0	4.77155E-6	0.4	122422874	9627	1	0.615	0	1.3143E-5	Parkinson Disease	1.0	1.0		missense_variant	G/A
	SNCAIP,MGC32805	5	rs150695297	C0030567			0	0.0	0	4.51483E-5	0.4	122444588	9627;153163	1	0.986	0	4.59933E-5	Parkinson Disease	1.0	1.0		missense_variant	T/C
	LOC124900602,SNCA	4	rs1553905607	C0030567			0		0		0.4	89725317	124900602;6622	1		0		Parkinson Disease	1.0	1.0		3_prime_UTR_variant	-/TAA
	SNCAIP	5	rs1776726284	C0030567			0	0.59	0	1.43147E-5	0.4	122423125	9627	1	0.159	0		Parkinson Disease	1.0	1.0		missense_variant	C/T
	SNCAIP,MGC32805,LOC107986446	5	rs1787041774	C0030567			0		0		0.4	122463743	9627;153163;107986446	1		0		Parkinson Disease	1.0	1.0		3_prime_UTR_variant	G/A
	PINK1,PINK1-AS	1	rs3077906	C0030567			0		0		0.4	20651218	65018;100861548	1		0		Parkinson Disease	1.0	1.0		3_prime_UTR_variant	AAGT/-,AAGTAAGT,AAGTAAGTAAGT
	SNCA-AS1,SNCA	4	rs367902113	C0030567			0		0		0.4	89837065	644248;6622	1		0	-1.0, 1.97094E-4	Parkinson Disease	1.0	1.0		5_prime_UTR_variant	C/G,T
	SNCAIP	5	rs370204801	C0030567			0	0.0	0	3.62583E-5	0.4	122422935	9627	1	0.0	0	2.62819E-5	Parkinson Disease	1.0	1.0		synonymous_variant	C/T
	SNCAIP	5	rs762767013	C0030567			0	0.0	0	-1.0, 3.48879E-5	0.4	122423181	9627	1	0.0	0	-1.0, 2.62688E-5	Parkinson Disease	1.0	1.0		synonymous_variant	C/A,T
	SNCAIP,MGC32805,LOC107986446	5	rs762790786	C0030567			0		0	1.34802E-5	0.4	122463657	9627;153163;107986446	1		0		Parkinson Disease	1.0	1.0		3_prime_UTR_variant	A/G
	SNCA-AS1,SNCA	4	rs764272411	C0030567			0		0		0.4	89837063	644248;6622	1		0	1.83927E-4	Parkinson Disease	1.0	1.0		5_prime_UTR_variant	G/A
	LOC124900602,SNCA	4	rs766004459	C0030567			0		0		0.4	89724645	124900602;6622	1		0	1.44452E-4	Parkinson Disease	1.0	1.0		3_prime_UTR_variant	T/C
	LOC124900602,SNCA	4	rs778443752	C0030567			0		0	2.43255E-5, 3.2434E-6	0.4	89726572	124900602;6622	1		0	2.62892E-5, -1.0	Parkinson Disease	1.0	1.0		3_prime_UTR_variant	G/C,T
	PARK7	1	rs557801400	C0030567			0		0		0.4	7961690	11315	1		0	5.12019E-4	Parkinson Disease	1.0	1.0		non_coding_transcript_exon_variant	G/C
	VPS35	16	rs886052005	C0030567			0		0		0.4	46660189	55737	1		0		Parkinson Disease	1.0	1.0		3_prime_UTR_variant	G/-
	VPS35	16	rs886052010	C0030567			0		0		0.4	46660196	55737	1		0		Parkinson Disease	1.0	1.0		3_prime_UTR_variant	-/GTT
	NR4A2	2	rs886054983	C0030567			0		0	1.02386E-5, 5.11928E-6, 3.58357E-5	0.4	156332740	4929	1		0	-1.0, -1.0, 6.57229E-6	Parkinson Disease	1.0	1.0		5_prime_UTR_variant	T/A,C,G
	FBXO7	22	rs886057421	C0030567			0	0.02	0		0.4	32483904	25793	1	0.663	0	1.31537E-5	Parkinson Disease	1.0	1.0		missense_variant	C/G
	LOC124900602,SNCA	4	rs886059715	C0030567			0		0		0.4	89725303	124900602;6622	1		0		Parkinson Disease	1.0	1.0		3_prime_UTR_variant	T/C
	LOC124900602,SNCA	4	rs886059716	C0030567			0		0		0.4	89725316	124900602;6622	1		0		Parkinson Disease	1.0	1.0		3_prime_UTR_variant	-/GTAAA
	SNCAIP,MGC32805,LOC107986446	5	rs886059827	C0030567			0		0	2.04594E-6	0.4	122463666	9627;153163;107986446	1		0		Parkinson Disease	1.0	1.0		3_prime_UTR_variant	A/G
	SNCAIP,MGC32805,LOC107986446	5	rs886059828	C0030567			0		0	-1.0, 3.25153E-5	0.4	122463698	9627;153163;107986446	1		0	-1.0, 6.56944E-6	Parkinson Disease	1.0	1.0		3_prime_UTR_variant	A/C,T
	LOC124900602,SNCA	4	rs1305349888	C0030567			0		0		0.4	89725317	124900602;6622	1		0		Parkinson Disease	1.0	1.0		3_prime_UTR_variant	G/A,T
	SNCAIP,MGC32805	5	rs143468222	C0030567			0	1.0	0	8.41396E-5, 4.10437E-6	0.4	122450987	9627;153163	1	0.069	0	1.7734E-4, -1.0	Parkinson Disease	1.0	1.0		missense_variant	G/A,T
	SNCAIP	5	rs145038921	C0030567			0	0.12	0	3.48997E-5, 2.05292E-6	0.4	122425436	9627	1	0.607	0	1.70747E-4, -1.0	Parkinson Disease	1.0	1.0		missense_variant	G/A,T
	SNCAIP	5	rs147831994	C0030567			0	0.0	0	8.27708E-5	0.4	122423523	9627	1	0.0	0	6.56935E-5	Parkinson Disease	1.0	1.0		synonymous_variant	A/C
	SNCAIP,MGC32805	5	rs149789738	C0030567			0	0.23	0	1.18345E-4, -1.0	0.4	122450786	9627;153163	1	0.658	0	3.93964E-5, 6.57117E-6	Parkinson Disease	1.0	1.0		missense_variant	G/C,T
	LOC124900602,SNCA	4	rs1553905630	C0030567			0		0		0.4	89725336	124900602;6622	1		0		Parkinson Disease	1.0	1.0		3_prime_UTR_variant	-/AAAGA
	VPS35	16	rs1555522760	C0030567			0		0		0.4	46660184	55737	1		0		Parkinson Disease	1.0	1.0		3_prime_UTR_variant	-/GT,GTT,GTTT,GTTTGTTTT
	LOC124900602,SNCA	4	rs1724721752	C0030567			0		0		0.4	89724581	124900602;6622	1		0		Parkinson Disease	1.0	1.0		3_prime_UTR_variant	C/T
	LOC124900602,SNCA	4	rs1724761878	C0030567			0		0		0.4	89725110	124900602;6622	1		0		Parkinson Disease	1.0	1.0		3_prime_UTR_variant	A/G
	SNCAIP	5	rs1776706630	C0030567			0	0.12	0		0.4	122423029	9627	1	0.99	0		Parkinson Disease	1.0	1.0		missense_variant	A/G
	SNCAIP,MGC32805	5	rs1783529987	C0030567			0	0.02	0		0.4	122450658	9627;153163	1	0.796	0		Parkinson Disease	1.0	1.0		missense_variant	C/G
	PINK1,PINK1-AS	1	rs190393061	C0030567			0		0	0.00169069	0.4	20651223	65018;100861548	1		0	8.72944E-4	Parkinson Disease	1.0	1.0		3_prime_UTR_variant	G/A
	SNCAIP	5	rs1158148020	C0030567			0	0.33	0		0.4	122431992	9627	1	0.985	0	-1.0, 6.57782E-6	Parkinson Disease	1.0	1.0		missense_variant	C/G,T
	LOC124900602,SNCA	4	rs1402261655	C0030567			0		0		0.4	89725343	124900602;6622	1		0	2.15917E-5, -1.0	Parkinson Disease	1.0	1.0		3_prime_UTR_variant	A/G,T
	SNCAIP	5	rs1418351789	C0030567			0		0		0.4	122312277	9627	1		0	1.32501E-5	Parkinson Disease	1.0	1.0		5_prime_UTR_variant	C/A
	LOC124900602,SNCA	4	rs1553905608	C0030567			0		0		0.4	89725317	124900602;6622	1		0		Parkinson Disease	1.0	1.0		3_prime_UTR_variant	-/TAAAA
	VPS35	16	rs1555522775	C0030567			0		0		0.4	46660191	55737	1		0		Parkinson Disease	1.0	1.0		3_prime_UTR_variant	G/TTTT,TTTTT
	LOC124900602,SNCA	4	rs200268319	C0030567			0		0		0.4	89725348	124900602;6622	1		0		Parkinson Disease	1.0	1.0		3_prime_UTR_variant	A/G
	PINK1,PINK1-AS	1	rs886045849	C0030567			0		0		0.4	20651046	65018;100861548	1		0		Parkinson Disease	1.0	1.0		3_prime_UTR_variant	CG/-
	FBXO7	22	rs886057414	C0030567			0		0	-1.0, 1.46727E-5	0.4	32474771	25793	1		0	6.5697E-6, 1.97091E-5	Parkinson Disease	1.0	1.0		5_prime_UTR_variant	G/A,C
	FBXO7	22	rs886057415	C0030567			0		0	3.27412E-5	0.4	32474803	25793	1		0	3.28684E-5	Parkinson Disease	1.0	1.0		5_prime_UTR_variant	G/A
	LOC124900602,SNCA	4	rs886059712	C0030567			0		0		0.4	89724298	124900602;6622	1		0		Parkinson Disease	1.0	1.0		3_prime_UTR_variant	G/A,C
	LOC124900602,SNCA	4	rs886059719	C0030567			0		0		0.4	89725318	124900602;6622	1		0	1.25465E-4	Parkinson Disease	1.0	1.0		3_prime_UTR_variant	T/A
	LOC124900602,SNCA	4	rs886059721	C0030567			0		0		0.4	89725331	124900602;6622	1		0		Parkinson Disease	1.0	1.0		3_prime_UTR_variant	-/AAAGA
	LOC124900602,SNCA	4	rs886059727	C0030567			0		0		0.4	89726351	124900602;6622	1		0		Parkinson Disease	1.0	1.0		3_prime_UTR_variant	C/A,T
	LOC124900602,SNCA	4	rs886059728	C0030567			0		0	9.37387E-6	0.4	89726417	124900602;6622	1		0	6.57739E-6	Parkinson Disease	1.0	1.0		3_prime_UTR_variant	C/T
	SNCA-AS1,SNCA	4	rs886059730	C0030567			0		0		0.4	89836978	644248;6622	1		0	6.59909E-6	Parkinson Disease	1.0	1.0		5_prime_UTR_variant	A/G
	SNCAIP,MGC32805,LOC107986446	5	rs947102772	C0030567			0		0		0.4	122464087	9627;153163;107986446	1		0	6.57255E-6, 6.57255E-6	Parkinson Disease	1.0	1.0		3_prime_UTR_variant	A/G,T
	VPS35	16	rs34926621	C0030567			0		0		0.4	46659710	55737	1		0		Parkinson Disease	1.0	1.0		3_prime_UTR_variant	A/-,AA,AAA,AAAAAAAA
	SNCAIP,MGC32805	5	rs373891275	C0030567			0	0.03	0	9.5774E-6	0.4	122444636	9627;153163	1	0.985	0	1.97174E-5	Parkinson Disease	1.0	1.0		missense_variant	G/A
	SNCAIP,MGC32805	5	rs376564775	C0030567			0	0.0	0	2.94144E-5	0.4	122450816	9627;153163	1	0.0	0	3.28554E-5	Parkinson Disease	1.0	1.0		synonymous_variant	C/T
	FBXO7	22	rs540551581	C0030567			0		0	1.334E-5, 8.33756E-5	0.4	32474735	25793	1		0	6.56901E-6, 1.9707E-5	Parkinson Disease	1.0	1.0		5_prime_UTR_variant	C/G,T
	LOC124900602,SNCA	4	rs756360541	C0030567			0		0		0.4	89726044	124900602;6622	1		0		Parkinson Disease	1.0	1.0		3_prime_UTR_variant	AAATA/-
	SNCAIP,MGC32805	5	rs763683428	C0030567			0	0.0	0	3.83083E-5	0.4	122450869	9627;153163	1	0.0	0	3.2858E-5	Parkinson Disease	1.0	1.0		synonymous_variant	A/G
	LOC124900602,SNCA	4	rs553070344	C0030567			0		0		0.4	89724591	124900602;6622	1		0	7.48405E-4, 6.57004E-6	Parkinson Disease	1.0	1.0		3_prime_UTR_variant	A/G,T
	SNCAIP,MGC32805	5	rs1387612218	C0030567			0	0.0	0	7.20207E-6	0.4	122451532	9627;153163	1	0.0	0	1.31423E-5	Parkinson Disease	1.0	1.0		synonymous_variant	C/T
	SNCA	4	rs138969470	C0030567			0	0.24	0	-1.0, 2.23E-4	0.4	89822254	6622	1	0.003	0	-1.0, 1.51071E-4	Parkinson Disease	1.0	1.0		missense_variant	A/C,G
	SNCAIP,MGC32805,LOC107986446	5	rs1399535393	C0030567			0		0		0.4	122463994	9627;153163;107986446	1		0		Parkinson Disease	1.0	1.0		3_prime_UTR_variant	A/G
	SNCAIP	5	rs1580686722	C0030567			0		0		0.4	122312283	9627	1		0	1.31697E-5	Parkinson Disease	1.0	1.0		splice_region_variant	G/A
	LOC124900602,SNCA	4	rs201351609	C0030567			0		0		0.4	89725352	124900602;6622	1		0	-1.0, 2.87687E-4	Parkinson Disease	1.0	1.0		3_prime_UTR_variant	G/A,C
	VPS35	16	rs879039152	C0030567			0		0		0.4	46660188	55737	1		0		Parkinson Disease	1.0	1.0		3_prime_UTR_variant	GTGT/-,GT
	LOC124900602,SNCA	4	rs886059720	C0030567			0		0		0.4	89725336	124900602;6622	1		0		Parkinson Disease	1.0	1.0		3_prime_UTR_variant	-/AAA,AAAAA
	LOC124900602,SNCA	4	rs886059722	C0030567			0		0		0.4	89725383	124900602;6622	1		0		Parkinson Disease	1.0	1.0		3_prime_UTR_variant	AA/-,A,AAA
	LOC124900602,SNCA	4	rs886059723	C0030567			0		0		0.4	89725550	124900602;6622	1		0	8.6176E-5	Parkinson Disease	1.0	1.0		3_prime_UTR_variant	T/A
	LOC124900602,SNCA	4	rs886059725	C0030567			0		0		0.4	89725998	124900602;6622	1		0	1.31463E-5	Parkinson Disease	1.0	1.0		3_prime_UTR_variant	A/C
	SNCA-AS1,SNCA	4	rs886059729	C0030567			0		0		0.4	89836976	644248;6622	1		0	-1.0, 6.57428E-6	Parkinson Disease	1.0	1.0		5_prime_UTR_variant	C/G,T
	SNCAIP	5	rs886059823	C0030567			0		0		0.4	122312265	9627	1		0	2.66805E-4	Parkinson Disease	1.0	1.0		5_prime_UTR_variant	C/T
	SNCAIP,MGC32805	5	rs886059826	C0030567			0	0.0	0	2.058E-6	0.4	122451583	9627;153163	1	0.111	0		Parkinson Disease	1.0	1.0		missense_variant	C/G
	SNCAIP,MGC32805,LOC107986446	5	rs952875545	C0030567			0		0	-1.0, 3.31565E-4, 4.73664E-5	0.4	122463839	9627;153163;107986446	1		0	-1.0, 1.44592E-4, 1.97171E-5	Parkinson Disease	1.0	1.0		3_prime_UTR_variant	A/C,G,T
	LOC124900602,SNCA	4	rs998774082	C0030567			0		0		0.4	89724950	124900602;6622	1		0	-1.0, 3.28887E-5	Parkinson Disease	1.0	1.0		3_prime_UTR_variant	C/G,T
	VPS35	16	rs369068093	C0030567			0		0		0.4	46660184	55737	1		0		Parkinson Disease	1.0	1.0		3_prime_UTR_variant	-/T,TT,TTT,TTTT,TTTTT,TTTTTT,TTTTTTTT,TTTTTTTTT,TTTTTTTTTT,TTTTTTTTTTT,TTTTTTTTTTTT,TTTTTTTTTTTTT,TTTTTTTTTTTTTTTTT,TTTTTTTTTTTTTTTTTTTTTTT,TTTTTTTTTTTTTTTTTTTTTTTTTTTTTTTTT
	LOC124900602,SNCA	4	rs377356638	C0030567			0		0		0.4	89725341	124900602;6622	1		0	-1.0, 2.00321E-4, 0.140774	Parkinson Disease	1.0	1.0		3_prime_UTR_variant	C/A,G,T
	SNCAIP,MGC32805	5	rs761300214	C0030567			0	0.1	0	4.10434E-6, -1.0	0.4	122451403	9627;153163	1	0.979	0		Parkinson Disease	1.0	1.0		missense_variant	A/G,T
	LOC124900602,SNCA	4	rs765029456	C0030567			0		0		0.4	89724912	124900602;6622	1		0	1.84102E-4	Parkinson Disease	1.0	1.0		3_prime_UTR_variant	T/A
	SNCAIP	5	rs770583296	C0030567			0	0.0	0	1.50496E-5	0.4	122422941	9627	1	0.0	0	3.94125E-5	Parkinson Disease	1.0	1.0		synonymous_variant	T/C
	LOC124900602,SNCA	4	rs550521282	C0030567			0		0		0.4	89725595	124900602;6622	1		0	3.30972E-5	Parkinson Disease	1.0	1.0		3_prime_UTR_variant	A/G
	PINK1,PINK1-AS	1	rs556390159	C0030567			0		0		0.4	20651261	65018;100861548	1		0		Parkinson Disease	1.0	1.0		3_prime_UTR_variant	C/-
